:020000040800F2
:10000000000002201D9000080D08000813080008D9
:10001000190800081F080008250800080000000053
:100020000000000000000000000000002B08000895
:1000300039080008000000004708000855080008BB
:100040006D9000086D9000086D9000086D9000089C
:100050006D9000086D9000086D9000086D9000088C
:100060006D9000086D9000086D9000086D9000087C
:100070006D9000086D9000086D9000086D9000086C
:100080006D9000086D9000086D9000086D9000085C
:100090006D9000086D9000086D9000086D9000084C
:1000A0006D9000086D9000086D9000086D9000083C
:1000B0006D9000086D9000086D9000086D9000082C
:1000C0006D9000086D9000086D9000086D9000081C
:1000D0006D9000086D9000086D9000086D9000080C
:1000E0006D9000086D9000086D9000086D900008FC
:1000F0006D9000086D9000086D9000086D900008EC
:100100006D9000086D9000086D9000086D900008DB
:100110006D9000086D9000086D9000086D900008CB
:100120006D9000086D9000086D9000086D900008BB
:100130006D90000800000000000000006D900008B5
:100140006D9000086D9000086D9000086D9000089B
:100150006D9000086D9000086D9000086D9000088B
:100160006D9000086D9000086D9000086D9000087B
:100170006D9000086D9000086D9000080000000070
:10018000000000006D90000800000000000000006A
:100190006D90000800000000000000006D90000855
:1001A0000000000000000000000000006D9000084A
:1001B0006D9000086D9000086D9000086D9000082B
:0401C0006D90000836
:1002000080B582B000AF00F0F3FC00F053F800F0CE
:100210001DF900F0D1F800F0BBF81F4809F006F80E
:1002200000F088F91D4B1B69002B10D01C4808F00A
:10023000FDFF1A4B1B68002B01D11A4B00E01A4B33
:100240007B60164B5B690133144A536107E0134B23
:100250001B68002B01D1144B00E0124B7B607868C7
:1002600000F09AF90346002B0AD1104808F0DEFF8F
:100270000A4B5B68002B01D10B4B00E0094B7B6004
:1002800079680B4808F070FF642000F09FFD7868E3
:1002900000F0A6F9FEE700BF10F10008180A0020E0
:1002A0002CF1000800000408000001083CF10008DF
:1002B00058F1000880B594B000AF07F11C03342258
:1002C0000021184608F0FEFE07F1080300221A601C
:1002D0005A609A60DA601A6100237B602A4B1B6CBB
:1002E000294A43F080531364274B1B6C03F080535F
:1002F0007B607B6800233B60244B1B6823F44043F6
:10030000224A43F480431360204B1B6803F44043AC
:100310003B603B680223FB610123BB621023FB624D
:1003200002237B630023BB631023FB634FF4A8739A
:100330003B6404237B640223BB640223FB6407F158
:100340001C03184604F054FC0346002B01D000F0B7
:10035000EBF80F23BB600223FB6000233B614FF4EB
:1003600080537B610023BB6107F10803022118461B
:1003700002F058FE0346002B01D000F0D5F800BF74
:100380005037BD4680BD00BF0038024000700040BD
:1003900080B500AF064B074A1A60054801F082F9A4
:1003A0000346002B01D000F0BFF800BF80BD00BFA6
:1003B000B40900200030024080B500AF114B124A52
:1003C0001A60104B4FF4E1325A600E4B00229A60D3
:1003D0000C4B0022DA600B4B00221A61094B0C22F5
:1003E0005A61084B00229A61064B0022DA610548E7
:1003F00004F038FF0346002B01D000F095F800BF51
:1004000080BD00BFBC0900200044004080B500AFA3
:100410000C4B0D4A1A600B4B00225A60094B4022CC
:100420009A60084B4022DA60064B00221A610548A8
:1004300007F016FE0346002B01D000F075F800BF50
:1004400080BD00BF040A0020002C004080B58AB0A7
:1004500000AF07F1140300221A605A609A60DA6054
:100460001A6100233B612D4B1B6B2C4A43F00403A4
:1004700013632A4B1B6B03F004033B613B690023AE
:10048000FB60264B1B6B254A43F080031363234B11
:100490001B6B03F08003FB60FB680023BB601F4BFA
:1004A0001B6B1E4A43F0010313631C4B1B6B03F0D1
:1004B0000103BB60BB6800237B60184B1B6B174AB2
:1004C00043F002031363154B1B6B03F002037B60C5
:1004D0007B6800222021124802F09CFA4FF400535E
:1004E0007B614FF40413BB610023FB6107F114032C
:1004F00019460C4801F0EEFF20237B610123BB610C
:100500000023FB6100233B6207F1140319460448F2
:1005100001F0E0FF00BF2837BD4680BD0038024033
:10052000000002400008024080B400AF72B600BF75
:10053000FEE700BFB0B400AF144B9B69144A93426E
:100540000AD1124B134A14461D460FCD0FC495E82D
:10055000070084E8070014E00E4B00221A600D4BE0
:1005600000225A600B4B00229A600A4B0022DA608C
:10057000084B00221A61074B00225A61054B044ABE
:100580009A6100BFBD46B0BC704700BF008007083D
:1005900007B007B0180A002080B485B000AF7860BB
:1005A0007B681B68FB607B6804331B68BB60FA6870
:1005B0000A4B1340B3F1005F01D0002307E0BB6892
:1005C00003F00063002B01D1002300E00123184653
:1005D0001437BD465DF8047B704700BF0000FE2F56
:1005E00080B586B000AF78607B681B687B617B68F4
:1005F00004331B683B6172B600BF00F01BFB0B4B62
:1006000000221A60094B00225A60084B00229A60AF
:10061000074A7B6893607B69BB60BB6883F308888B
:1006200000BF3B69FB60FB689847FEE710E000E015
:1006300000ED00E080B582B000AF00237B60104B7E
:100640005B6C0F4A43F4804353640D4B5B6C03F4C3
:1006500080437B607B6800233B60094B1B6C084A2E
:1006600043F080531364064B1B6C03F080533B60D4
:100670003B68072000F096FE00BF0837BD4680BDEE
:100680000038024080B485B000AF78607B681B689A
:100690000B4A93420DD10023FB600A4B1B6B094AA6
:1006A00043F480531363074B1B6B03F48053FB60CD
:1006B000FB6800BF1437BD465DF8047B704700BF80
:1006C000003002400038024080B483B000AF786050
:1006D0007B681B68074A934205D1074B1B6B064A90
:1006E00023F48053136300BF0C37BD465DF8047BD1
:1006F000704700BF003002400038024080B58AB029
:1007000000AF786007F1140300221A605A609A6003
:10071000DA601A617B681B68194A93422BD1002367
:100720003B61184B1B6C174A43F400331364154BA1
:100730001B6C03F400333B613B690023FB60114BEE
:100740001B6B104A43F0010313630E4B1B6B03F04A
:100750000103FB60FB680C237B610223BB61002368
:10076000FB6103233B6207237B6207F114031946F5
:10077000054801F0AFFE00BF2837BD4680BD00BF71
:1007800000440040003802400000024080B582B0C2
:1007900000AF78607B681B68084A934209D1084B18
:1007A0001B6C074A23F4003313640C21054802F044
:1007B00025F800BF0837BD4680BD00BF004400409B
:1007C000003802400000024080B485B000AF78607D
:1007D0007B681B680B4A93420DD10023FB600A4BD8
:1007E0001B6C094A43F400631364074B1B6C03F44E
:1007F0000063FB60FB6800BF1437BD465DF8047BF7
:10080000704700BF002C00400038024080B400AFA9
:10081000FEE780B400AFFEE780B400AFFEE780B42F
:1008200000AFFEE780B400AFFEE780B400AF00BFCA
:10083000BD465DF8047B704780B400AF00BFBD4685
:100840005DF8047B704780B400AF00BFBD465DF823
:10085000047B704780B500AF00F058FA00BF80BD40
:1008600080B400AF00BFBD465DF8047B704780B424
:1008700000AF01231846BD465DF8047B704780B584
:1008800082B000AF7860396008F0F2FB03461622B0
:100890001A604FF0FF3318460837BD4680BD80B55B
:1008A00082B000AF78604FF0FF317868FFF7E7FF64
:1008B000FEE780B586B000AFF860B9607A600023CB
:1008C0007B610AE0AFF300800146BB685A1CBA6046
:1008D000CAB21A707B6901337B617A697B689A427C
:1008E000F0DB7B6818461837BD4680BD80B586B002
:1008F00000AFF860B9607A6000237B6109E0BB68F3
:100900005A1CBA601B781846AFF300807B6901332C
:100910007B617A697B689A42F1DB7B6818461837FD
:10092000BD4680BD80B483B000AF78604FF0FF3328
:1009300018460C37BD465DF8047B704780B483B021
:1009400000AF786039603B684FF400525A60002372
:1009500018460C37BD465DF8047B704780B483B001
:1009600000AF7860012318460C37BD465DF8047B64
:10097000704780B485B000AFF860B9607A6000233A
:1009800018461437BD465DF8047B70470EB480B43A
:1009900082B000AF78604FF0FF3318460837BD468D
:1009A0005DF8047B03B0704780B582B000AF78601B
:1009B00008F05EFB03460A221A604FF0FF33184628
:1009C0000837BD4680BD80B582B000AF786008F0C2
:1009D0004FFB034602221A604FF0FF3318460837D8
:1009E000BD4680BD80B483B000AF78604FF0FF3368
:1009F00018460C37BD465DF8047B704780B483B061
:100A000000AF786039603B684FF400525A600023B1
:100A100018460C37BD465DF8047B704780B582B040
:100A200000AF7860396008F023FB03461F221A608C
:100A30004FF0FF3318460837BD4680BD80B500AF84
:100A400008F016FB03460B221A604FF0FF331846DE
:100A500080BD80B584B000AFF860B9607A6008F0FE
:100A600007FB03460C221A604FF0FF33184610377D
:100A7000BD4680BD80B586B000AF7860144A154B86
:100A8000D31A7B617B693B61134B1B68002B02D13E
:100A9000114B124A1A60104B1A687B6813443A696A
:100AA0009A4207D208F0E4FA03460C221A604FF08B
:100AB000FF3309E0084B1B68FB60074B1A687B6833
:100AC0001344054A1360FB6818461837BD4680BDBD
:100AD0000000022000040000340A0020800A0020E8
:100AE00080B400AF064BD3F88830054A43F4700356
:100AF000C2F8883000BFBD465DF8047B704700BF78
:100B000000ED00E080B487B000AF344B9B6803F089
:100B10000C033B613B69082B11D03B69082B44D87F
:100B20003B69002B03D03B69042B04D03DE02C4BE8
:100B30002C4A1A603DE02A4B2B4A1A6039E0274BB9
:100B40005B689B0D03F00103FB60244B5B6803F0C3
:100B50003F03BB60FB68002B0CD0234ABB68B2FB91
:100B6000F3F31E4A52689209C2F3080202FB03F330
:100B70007B610BE01B4ABB68B2FBF3F3174A526878
:100B80009209C2F3080202FB03F37B61134B5B681B
:100B90001B0C03F0030301335B007B607A697B6805
:100BA000B2FBF3F30E4A136003E00D4B0D4A1A60DB
:100BB00000BF0A4B9B681B0903F00F030B4AD35C71
:100BC0003B61074B1A683B6922FA03F3044A13603E
:100BD00000BF1C37BD465DF8047B704700380240FB
:100BE000000000200024F40040787D017CF1000822
:100BF00080B500AF0E4B1B680D4A43F400731360C1
:100C00000B4B1B680A4A43F480631360084B1B6854
:100C1000074A43F480731360032000F0C3FB0020F5
:100C200000F044F8FFF706FD0023184680BD00BF22
:100C3000003C024080B500AF114B124A1A62104BC3
:100C400000221A620E4B104A5A620D4B00225A6261
:100C50000B4B0E4A1A610A4B00221A61084B812283
:100C60005A61074B00225A61054B03229A61044BDB
:100C700000229A6100F013F80023184680BD00BFDF
:100C800000380240FFC9FF3F3379C700FF106020E2
:100C900080B400AF00BFBD465DF8047B704780B4F0
:100CA00000AF00BFBD465DF8047B704780B582B0E1
:100CB00000AF7860124B1A68124B1B7819464FF43C
:100CC0007A73B3FBF1F3B2FBF3F3184600F0B1FB18
:100CD0000346002B01D001230EE07B680F2B0AD8BE
:100CE000002279684FF0FF3000F067FB064A7B680E
:100CF0001360002300E0012318460837BD4680BD7D
:100D000000000020080000200400002080B400AF94
:100D1000064B1B781A46064B1B681344044A1360A3
:100D200000BFBD465DF8047B704700BF080000208F
:100D3000380A002080B400AF034B1B681846BD463C
:100D40005DF8047B704700BF380A002080B400AF14
:100D5000034B1B681846BD465DF8047B704700BF17
:100D60000400002080B584B000AF0346FB7100236F
:100D7000FB730E4B1B78FA799A4212D00B4B1B78FF
:100D8000BB730A4AFB791370094B1B681846FFF7BF
:100D90008DFF0346FB73FB7B002B02D0034ABB7B1A
:100DA0001370FB7B18461037BD4680BD080000203D
:100DB0000400002080B400AF034B1B781846BD46EA
:100DC0005DF8047B704700BF0800002080B584B048
:100DD00000AF7860FFF7AEFFB8607B68FB60FB6830
:100DE000B3F1FF3F05D00A4B1B781A46FB6813444A
:100DF000FB6000BFFFF79EFF0246BB68D31AFA688C
:100E00009A42F7D800BF00BF1037BD4680BD00BF73
:100E10000800002080B400AF054B1B68044A23F093
:100E20000203136000BFBD465DF8047B704700BF3E
:100E300010E000E080B400AF054B1B68044A43F0AB
:100E40000203136000BFBD465DF8047B704700BF1E
:100E500010E000E080B400AF024B1846BD465DF8DC
:100E6000047B70470005080180B400AF034B1B688A
:100E70001B0C1846BD465DF8047B7047002004E05B
:100E800080B400AF044B1B68C3F30B031846BD4688
:100E90005DF8047B704700BF002004E080B400AF21
:100EA000054B5B68044A43F00103536000BFBD4635
:100EB0005DF8047B704700BF002004E080B400AF01
:100EC000054B5B68044A23F00103536000BFBD4635
:100ED0005DF8047B704700BF002004E080B400AFE1
:100EE000054B5B68044A43F00203536000BFBD46F4
:100EF0005DF8047B704700BF002004E080B400AFC1
:100F0000054B5B68044A23F00203536000BFBD46F3
:100F10005DF8047B704700BF002004E080B400AFA0
:100F2000054B5B68044A43F00403536000BFBD46B1
:100F30005DF8047B704700BF002004E080B400AF80
:100F4000054B5B68044A23F00403536000BFBD46B1
:100F50005DF8047B704700BF002004E080B400AF60
:100F6000034B01221A6000BFBD465DF8047B704749
:100F70000004274280B400AF034B00221A6000BF78
:100F8000BD465DF8047B70470004274280B400AF83
:100F9000034B1B681846BD465DF8047B704700BFD5
:100FA000107AFF1F80B400AF034B1B681846BD4684
:100FB0005DF8047B704700BF147AFF1F80B400AF58
:100FC000034B1B681846BD465DF8047B704700BFA5
:100FD000187AFF1F80B485B000AF78607B6803F09B
:100FE0000703FB600C4BDB68BB60BA684FF6FF037E
:100FF0001340BB60FB681A02BB68134343F0BF6336
:1010000043F40033BB60044ABB68D36000BF1437AD
:10101000BD465DF8047B704700ED00E080B400AF92
:10102000044BDB681B0A03F007031846BD465DF856
:10103000047B704700ED00E080B483B000AF03464E
:10104000FB7197F90730002B0BDBFB7903F01F02D4
:10105000074997F907305B09012000FA02F241F8CD
:10106000232000BF0C37BD465DF8047B704700BFEE
:1010700000E100E080B483B000AF0346FB7197F954
:101080000730002B12DBFB7903F01F020A4997F9A6
:1010900007305B09012000FA02F2203341F82320D7
:1010A000BFF34F8F00BFBFF36F8F00BF00BF0C3780
:1010B000BD465DF8047B704700E100E080B483B07A
:1010C00000AF0346FB7197F90730002B0EDB0B4A8C
:1010D00097F907305B09403352F82320FB7903F07E
:1010E0001F0322FA03F303F0010300E00023184674
:1010F0000C37BD465DF8047B704700BF00E100E09F
:1011000080B483B000AF0346FB7197F90730002B22
:101110000CDBFB7903F01F02074997F907305B09E5
:10112000012000FA02F2403341F8232000BF0C37BF
:10113000BD465DF8047B704700E100E080B483B0F9
:1011400000AF0346FB7197F90730002B0CDBFB79EE
:1011500003F01F02074997F907305B09012000FAE5
:1011600002F2603341F8232000BF0C37BD465DF822
:10117000047B704700E100E080B483B000AF034619
:10118000FB7197F90730002B0EDB0B4A97F90730FC
:101190005B09803352F82320FB7903F01F0322FA06
:1011A00003F303F0010300E0002318460C37BD46AB
:1011B0005DF8047B704700BF00E100E080B483B0BD
:1011C00000AF03463960FB7197F90730002B0ADB4B
:1011D0003B68DAB20C4997F907301201D2B20B44DE
:1011E00083F800230AE03B68DAB20849FB7903F090
:1011F0000F03043B1201D2B20B441A7600BF0C3726
:10120000BD465DF8047B704700E100E000ED00E0C2
:1012100080B483B000AF0346FB7197F90730002B11
:1012200009DB0D4A97F90730134493F80033DBB21A
:101230001B09DBB209E0094AFB7903F00F03043B09
:1012400013441B7EDBB21B09DBB218460C37BD46CC
:101250005DF8047B704700BF00E100E000ED00E0B6
:1012600080B489B000AFF860B9607A60FB6803F0C1
:101270000703FB61FB69C3F10703042B28BF0423A9
:10128000BB61FB690433062B02D9FB69033B00E019
:1012900000237B614FF0FF32BB6902FA03F3DA43AC
:1012A000BB681A407B699A404FF0FF317B6901FAB5
:1012B00003F3D9437B680B40134318462437BD46DC
:1012C0005DF8047B704780B489B000AFF860B96006
:1012D0007A603B60BB6803F00703FB61FB69C3F105
:1012E0000703042B28BF0423BB61FB690433062BCF
:1012F00002D9FB69033B00E000237B61FA687B694C
:10130000DA404FF0FF31BB6901FA03F3DB431A40C7
:101310007B681A604FF0FF327B6902FA03F3DA430D
:10132000FB681A403B681A6000BF2437BD465DF871
:10133000047B704780B400AFBFF34F8F00BF064BF4
:10134000DB6803F4E0620449044B1343CB60BFF352
:101350004F8F00BF00BFFDE700ED00E00400FA057D
:1013600080B582B000AF78607B68013BB3F1807FCD
:1013700001D301230FE00A4A7B68013B53600F2130
:101380004FF0FF30FFF71AFF054B00229A60044B25
:1013900007221A60002318460837BD4680BD00BFEB
:1013A00010E000E080B582B000AF78607868FFF7A9
:1013B00011FE00BF0837BD4680BD80B586B000AFC6
:1013C0000346B9607A60FB7300237B61FFF726FE5A
:1013D00078617A68B9687869FFF742FF024697F941
:1013E0000F3011461846FFF7E9FE00BF1837BD461B
:1013F00080BD80B582B000AF0346FB7197F907301E
:101400001846FFF719FE00BF0837BD4680BD80B5FE
:1014100082B000AF0346FB7197F907301846FFF71B
:1014200029FE00BF0837BD4680BD80B500AFFFF77D
:1014300081FF80B582B000AF78607868FFF790FFD9
:10144000034618460837BD4680BD80B400AFBFF3E1
:101450005F8F00BF064B5B6A054A23F480335362FB
:10146000044B00225A6000BFBD465DF8047B704704
:1014700000ED00E090ED00E080B483B000AF786054
:101480000B4A7B6843F0010353600A4B5B6A094ACD
:1014900043F480335362BFF34F8F00BFBFF36F8FAE
:1014A00000BF00BF0C37BD465DF8047B704700BF2E
:1014B00090ED00E000ED00E080B483B000AF786014
:1014C000074A7B689360064B1B69054A43F001039A
:1014D000136100BF0C37BD465DF8047B704700BF49
:1014E00090ED00E080B483B000AF7860074A7B687D
:1014F0009360064B1B69054A23F00103136100BF8B
:101500000C37BD465DF8047B704700BF90ED00E0EE
:1015100080B483B000AF78607B685A781B4B9A60C8
:101520001A4B1B69194A23F001031361174A7B68A0
:101530005B68D3607B681B7B1A077B68DB7A1B06C2
:101540001A437B689B7ADB041A437B685B7B9B04B2
:101550001A437B689B7B5B041A437B68DB7B1B0421
:101560001A437B685B7A1B021A437B681B7A5B0019
:1015700013437A6812781146044A0B43136100BF83
:101580000C37BD465DF8047B704700BF90ED00E06E
:1015900080B400AF40BF20BF00BFBD465DF8047BF4
:1015A000704780B500AFFFF739FD0346184680BD90
:1015B00080B584B000AFB9607A603B600346FB73CE
:1015C00097F90F301846FFF723FE3B687A68B96831
:1015D000FFF779FE00BF1037BD4680BD80B582B0F1
:1015E00000AF0346FB7197F907301846FFF788FDF7
:1015F00000BF0837BD4680BD80B582B000AF03464E
:10160000FB7197F907301846FFF758FD0346184657
:101610000837BD4680BD80B582B000AF0346FB7180
:1016200097F907301846FFF789FD00BF0837BD4618
:1016300080BD80B582B000AF0346FB7197F90730DB
:101640001846FFF799FD034618460837BD4680BD8A
:1016500080B483B000AF78607B68042B06D1094B5F
:101660001B68084A43F00403136005E0054B1B6840
:10167000044A23F00403136000BF0C37BD465DF835
:10168000047B704710E000E080B500AF00F002F886
:1016900000BF80BD80B400AF00BFBD465DF8047BD5
:1016A000704700BF80B582B000AF78607B68002BC8
:1016B00001D101230EE07B685B79DBB2002B05D101
:1016C0007B6800221A717868FEF7DCFF7B680122D4
:1016D0005A71002318460837BD4680BD80B582B0D8
:1016E00000AF78607B68002B01D101231FE07B688D
:1016F0005B79DBB2022B01D1022318E07B68022266
:101700005A717B681B689A687B681B6842F001020B
:101710009A607B681B6800221A717868FEF7D4FF14
:101720007B6800225A717B6800221A7100231846D8
:101730000837BD4680BD80B483B000AF786000BF7D
:101740000C37BD465DF8047B704780B483B000AFB2
:10175000786000BF0C37BD465DF8047B704780B4ED
:1017600087B000AFF860B9607A6000233B61FB6826
:1017700002225A7100237B610AE07B699B00BA68F0
:101780001A44FB681B6812681A607B6901337B612D
:101790007A697B689A42F0D3FB681B681B683B61DF
:1017A000FB6801225A713B6918461C37BD465DF83B
:1017B000047B704780B487B000AFF860B9607A608E
:1017C00000233B61FB6802225A71FB681B689A6820
:1017D000FB681B6842F001029A6000237B610AE00B
:1017E0007B699B00BA681A44FB681B6812681A6020
:1017F0007B6901337B617A697B689A42F0D3FB682D
:101800001B681B683B61FB6801225A713B691846E3
:101810001C37BD465DF8047B704780B483B000AFD1
:1018200078607B685B79DBB218460C37BD465DF8A3
:10183000047B704780B586B000AF786000237B6181
:10184000FFF778FA38617B68002B01D1012399E01A
:101850007B68022283F835207B68002283F83420DD
:101860007B681B681A687B681B6822F001021A609B
:101870000FE0FFF75FFA02463B69D31A052B08D940
:101880007B6820225A657B68032283F83520032376
:1018900078E07B681B681B6803F00103002BE8D12C
:1018A0007B681B681B687B617A69384B13407B61DE
:1018B0007B685A687B689B681A437B68DB681A43BD
:1018C0007B681B691A437B685B691A437B689B6969
:1018D0001A437B68DB691A437B681B6A13437A6986
:1018E00013437B617B685B6A042B07D17B68DA6AF0
:1018F0007B681B6B13437A6913437B617B681B68AE
:101900007A691A607B681B685B697B617B6923F07D
:1019100007037B617B685B6A7A6913437B617B6841
:101920005B6A042B17D17B689B6A7A6913437B61DE
:101930007B68DB6A002B0ED0786800F04FFD034611
:10194000002B08D07B6840225A657B68012283F80F
:101950003520012316E07B681B687A695A61786834
:1019600000F007FD0346FB607B68DB6D3F229A4079
:10197000FB689A607B6800225A657B68012283F8C5
:101980003520002318461837BD4680BD3F8010F033
:1019900080B584B000AF78607B68002B01D1012353
:1019A00050E07B6893F83530DBB2022B01D1022383
:1019B00048E07B681B681A687B681B6822F001029C
:1019C0001A607B681B6800221A607B681B68002213
:1019D0005A607B681B6800229A607B681B68002243
:1019E000DA607B681B6800221A617B681B68212211
:1019F0005A61786800F0BDFC0346FB607B680022FA
:101A0000DA637B6800221A647B6800225A647B6870
:101A100000229A647B680022DA647B6800221A65DF
:101A20007B68DB6D3F229A40FB689A607B680022EE
:101A30005A657B68002283F835207B68002283F892
:101A40003420002318461037BD4680BD80B586B0CF
:101A500000AFF860B9607A603B600023FB75FB68FB
:101A600093F83430012B01D1022326E0FB680122D8
:101A700083F83420FB6893F83530DBB2012B15D1A5
:101A8000FB68022283F83520FB6800225A653B6818
:101A90007A68B968F86800F03EFCFB681B681A6851
:101AA000FB681B6842F001021A6005E0FB68002237
:101AB00083F834200223FB75FB7D18461837BD469A
:101AC00080BD80B586B000AFF860B9607A603B60D9
:101AD0000023FB75FB689B6D3B61FB6893F834301A
:101AE000012B01D1022340E0FB68012283F834205E
:101AF000FB6893F83530DBB2012B2FD1FB68022253
:101B000083F83520FB6800225A653B687A68B9681B
:101B1000F86800F000FCFB68DB6D3F229A403B69EF
:101B20009A60FB681B681A68FB681B6842F0160223
:101B30001A60FB681B6C002B07D0FB681B681A68D7
:101B4000FB681B6842F008021A60FB681B681A6891
:101B5000FB681B6842F001021A6005E0FB68002286
:101B600083F834200223FB75FB7D18461837BD46E9
:101B700080BD80B584B000AF78607B689B6DFB60F2
:101B8000FFF7D8F8B8607B6893F83530DBB2022BEA
:101B900008D07B6880225A657B68002283F8342055
:101BA000012352E07B681B681A687B681B6822F07F
:101BB00016021A607B681B685A697B681B6822F0F2
:101BC00080025A617B681B6C002B03D17B689B6C85
:101BD000002B07D07B681B681A687B681B6822F0A3
:101BE00008021A607B681B681A687B681B6822F011
:101BF00001021A6013E0FFF79DF80246BB68D31A92
:101C0000052B0CD97B6820225A657B68032283F858
:101C100035207B68002283F83420032315E07B689D
:101C20001B681B6803F00103002BE4D17B68DB6DAC
:101C30003F229A40FB689A607B68012283F8352036
:101C40007B68002283F83420002318461037BD46F5
:101C500080BD80B483B000AF78607B6893F8353086
:101C6000DBB2022B04D07B6880225A6501230CE092
:101C70007B68052283F835207B681B681A687B68BF
:101C80001B6822F001021A60002318460C37BD467B
:101C90005DF8047B704780B58AB000AFF8600B46F2
:101CA0007A60FB720023FB77FFF744F8B861FB68AA
:101CB00093F83530DBB2022B08D0FB6880225A65DE
:101CC000FB68002283F834200123BFE0FB681B6817
:101CD0001B6803F48073002B05D0FB684FF48072FF
:101CE0005A650123B2E0FB7A002B06D1FB68DB6D5D
:101CF000202202FA03F37B6205E0FB68DB6D102211
:101D000002FA03F37B62FB689B6D7B617B691B6856
:101D10003B625AE07B68B3F1FF3F17D07B68002B32
:101D200007D0FFF707F80246BB69D31A7A689A42D0
:101D30000CD2FB6820225A65FB68012283F835200B
:101D4000FB68002283F8342003237FE07B691B6853
:101D50003B62FB68DB6D08229A403B6A1340002B14
:101D60000BD0FB685B6D43F00102FB685A65FB68B2
:101D7000DB6D08229A407B699A60FB68DB6D01226B
:101D80009A403B6A1340002B0BD0FB685B6D43F01D
:101D90000202FB685A65FB68DB6D01229A407B6991
:101DA0009A60FB68DB6D04229A403B6A1340002B6B
:101DB0000BD0FB685B6D43F00402FB685A65FB685F
:101DC000DB6D04229A407B699A603A6A7B6A134011
:101DD000002B05D1FB685B6D03F00103002B99D04C
:101DE000FB685B6D002B18D0FB685B6D03F0010393
:101DF000002B12D0F868FFF7BCFEFB68DB6D3022C9
:101E00009A407B699A60FB68012283F83520FB6861
:101E1000002283F83420012318E0FB7A002B0ED136
:101E2000FB68DB6D30229A407B699A60FB68012277
:101E300083F83520FB68002283F8342005E0FB6836
:101E4000DB6D10229A407B699A60FB7F1846283729
:101E5000BD4680BD80B586B000AF78600023BB6012
:101E60008E4B1B688E4AA2FB03239B0A7B617B6817
:101E70009B6D3B613B691B68FB607B68DB6D0822E7
:101E80009A40FB681340002B1AD07B681B681B68C4
:101E900003F00403002B13D07B681B681A687B686F
:101EA0001B6822F004021A607B68DB6D08229A40EE
:101EB0003B699A607B685B6D43F001027B685A6501
:101EC0007B68DB6D01229A40FB681340002B12D027
:101ED0007B681B685B6903F08003002B0BD07B6879
:101EE000DB6D01229A403B699A607B685B6D43F031
:101EF00002027B685A657B68DB6D04229A40FB68AE
:101F00001340002B12D07B681B681B6803F0020390
:101F1000002B0BD07B68DB6D04229A403B699A60F2
:101F20007B685B6D43F004027B685A657B68DB6D00
:101F300010229A40FB681340002B43D07B681B683B
:101F40001B6803F00803002B3CD07B68DB6D10227C
:101F50009A403B699A607B681B681B6803F4802386
:101F6000002B18D07B681B681B6803F40023002B30
:101F700008D17B681B6C002B24D07B681B6C7868B5
:101F800098471FE07B689B6C002B1BD07B689B6C89
:101F90007868984716E07B681B681B6803F48073B9
:101FA000002B07D17B681B681A687B681B6822F0CE
:101FB00008021A607B681B6C002B03D07B681B6CCB
:101FC000786898477B68DB6D20229A40FB68134055
:101FD000002B00F08F807B681B681B6803F01003E8
:101FE000002B00F087807B68DB6D20229A403B69E4
:101FF0009A607B6893F83530DBB2052B36D17B686D
:102000001B681A687B681B6822F016021A607B68DE
:102010001B685A697B681B6822F080025A617B68E2
:102020001B6C002B03D17B689B6C002B07D07B685B
:102030001B681A687B681B6822F008021A607B68BC
:10204000DB6D3F229A403B699A607B68012283F8EE
:1020500035207B68002283F834207B681B6D002BC1
:102060007ED07B681B6D7868984779E07B681B6839
:102070001B6803F48023002B1DD07B681B681B6842
:1020800003F40023002B0DD17B685B6C002B31D057
:102090007B685B6C786898472CE000BF00000020EC
:1020A000B5814E1B7B68DB6B002B23D07B68DB6B21
:1020B000786898471EE07B681B681B6803F4807390
:1020C000002B0FD17B681B681A687B681B6822F0A5
:1020D00010021A607B68012283F835207B68002299
:1020E00083F834207B68DB6B002B03D07B68DB6BD1
:1020F000786898477B685B6D002B32D07B685B6D9E
:1021000003F00103002B22D07B68052283F83520E1
:102110007B681B681A687B681B6822F001021A60E2
:10212000BB680133BB607A699A4207D37B681B683E
:102130001B6803F00103002BF2D100E000BF7B68B5
:10214000012283F835207B68002283F834207B68E5
:10215000DB6C002B05D07B68DB6C7868984700E06F
:1021600000BF1837BD4680BD80B487B000AFF860AF
:102170000B467A60FB720023FB75FB6893F83430E2
:10218000012B01D102233DE0FB68012283F83420BA
:10219000FB6893F83530DBB2012B2CD1FB7A052B91
:1021A00026D801A252F823F0C1210008C921000855
:1021B000D1210008D9210008E1210008E921000807
:1021C000FB687A68DA6318E0FB687A681A6414E0DE
:1021D000FB687A685A6410E0FB687A689A640CE0DD
:1021E000FB687A68DA6408E0FB687A681A6504E0DC
:1021F0000123FB7501E00123FB75FB68002283F8D6
:102200003420FB7D18461C37BD465DF8047B7047C3
:1022100080B485B000AF78600B46FB700023FB7381
:102220007B6893F83430012B01D1022353E07B68A3
:10223000012283F834207B6893F83530DBB2012B20
:1022400042D1FB78062B3CD801A252F823F000BF04
:102250006D220008752200087D22000885220008F2
:102260008D220008952200089D2200087B6800222C
:10227000DA632BE07B6800221A6427E07B68002287
:102280005A6423E07B6800229A641FE07B68002286
:10229000DA641BE07B6800221A6517E07B68002285
:1022A000DA637B6800221A647B6800225A647B68C8
:1022B00000229A647B680022DA647B6800221A6537
:1022C00004E00123FB7301E00123FB737B68002220
:1022D00083F83420FB7B18461437BD465DF8047B39
:1022E000704780B483B000AF78607B6893F8353076
:1022F000DBB218460C37BD465DF8047B704780B4EE
:1023000083B000AF78607B685B6D18460C37BD46C4
:102310005DF8047B704780B485B000AFF860B960A9
:102320007A603B60FB681B681A68FB681B6822F4D4
:1023300080221A60FB681B683A685A60FB689B68D9
:10234000402B08D1FB681B687A689A60FB681B68A1
:10235000BA68DA6007E0FB681B68BA689A60FB68D5
:102360001B687A68DA6000BF1437BD465DF8047BED
:10237000704780B485B000AF78607B681B68DBB2C3
:10238000103B144AA2FB03231B09FB60124AFB68A3
:1023900013441B781A467B68DA65FB68032B09D95E
:1023A0007B681B6823F47F7323F003031A1D7B688B
:1023B0009A6507E07B681B6823F47F7323F00303AF
:1023C0007A6893657B689B6D18461437BD465DF847
:1023D000047B7047ABAAAAAA94F1000880B485B028
:1023E00000AF78600023FB737B689B6ABB607B68EF
:1023F0009B69002B1FD1BB68032B56D801A252F852
:1024000023F000BF15240008272400081524000825
:10241000AB2400087B68DB6A03F08073002B46D096
:102420000123FB7343E07B68DB6AB3F1C07F40D1DB
:102430000123FB733DE07B689B69B3F5005F21D10D
:10244000BB68032B37D801A252F823F05D240008A3
:10245000632400085D240008752400080123FB7331
:1024600030E07B68DB6A03F08073002B25D001230A
:10247000FB7322E07B68DB6AB3F1C07F1FD10123CD
:10248000FB731CE0BB68022B03D9BB68032B03D092
:1024900018E00123FB7315E07B68DB6A03F08073AF
:1024A000002B0ED00123FB730BE000BF0AE000BF3E
:1024B00008E000BF06E000BF04E000BF02E000BF8C
:1024C00000E000BFFB7B18461437BD465DF8047B77
:1024D000704700BF80B489B000AF786039600023D6
:1024E0007B6100233B610023BB610023FB6165E14D
:1024F0000122FB6902FA03F37B613B681B687A697E
:1025000013403B613A697B699A4240F054813B68D1
:102510005B6803F00303012B05D03B685B6803F0A5
:102520000303022B30D17B689B68BB61FB695B00B6
:10253000032202FA03F3DB43BA691340BB613B6831
:10254000DA68FB695B0002FA03F3BA691343BB6103
:102550007B68BA699A607B685B68BB610122FB6932
:1025600002FA03F3DB43BA691340BB613B685B6863
:102570001B0903F00102FB6902FA03F3BA69134372
:10258000BB617B68BA695A603B685B6803F0030310
:10259000032B17D07B68DB68BB61FB695B00032200
:1025A00002FA03F3DB43BA691340BB613B689A68E4
:1025B000FB695B0002FA03F3BA691343BB617B68F2
:1025C000BA69DA603B685B6803F00303022B23D12E
:1025D000FB69DA087B68083253F82230BB61FB697B
:1025E00003F007039B000F2202FA03F3DB43BA69EF
:1025F0001340BB613B681A69FB6903F007039B004A
:1026000002FA03F3BA691343BB61FB69DA087B681A
:102610000832B96943F822107B681B68BB61FB690B
:102620005B00032202FA03F3DB43BA691340BB6188
:102630003B685B6803F00302FB695B0002FA03F38B
:10264000BA691343BB617B68BA691A603B685B680F
:1026500003F44033002B00F0AE800023FB605D4BA1
:102660005B6C5C4A43F4804353645A4B5B6C03F4E9
:102670008043FB60FB68584AFB699B08023352F8B1
:102680002330BB61FB6903F003039B000F2202FAB6
:1026900003F3DB43BA691340BB617B684F4A934243
:1026A00025D07B684E4A93421FD07B684D4A9342A7
:1026B00019D07B684C4A934213D07B684B4A9342B3
:1026C0000DD07B684A4A934207D07B68494A9342BF
:1026D00001D106230CE007230AE0052308E00423C8
:1026E00006E0032304E0022302E0012300E00023CC
:1026F000FA6902F0030292009340BA691343BB6186
:102700003549FB699B080233BA6941F823203A4BEB
:102710009B68BB613B69DB43BA691340BB613B68A3
:102720005B6803F48013002B03D0BA693B69134341
:10273000BB61314ABB6993602F4BDB68BB613B696E
:10274000DB43BA691340BB613B685B6803F4001369
:10275000002B03D0BA693B691343BB61264ABB69AE
:10276000D360254B5B68BB613B69DB43BA691340AF
:10277000BB613B685B6803F40033002B03D0BA698C
:102780003B691343BB611C4ABB6953601A4B1B680E
:10279000BB613B69DB43BA691340BB613B685B6863
:1027A00003F48033002B03D0BA693B691343BB6148
:1027B000114ABB691360FB690133FB61FB690F2B95
:1027C0007FF696AE00BF00BF2437BD465DF8047BA0
:1027D000704700BF0038024000380140000002404E
:1027E0000004024000080240000C024000100240B9
:1027F0000014024000180240003C014080B487B041
:1028000000AF7860396000233B610023FB60002348
:10281000BB6000237B61C7E001227B6902FA03F3FE
:102820003B613A683B691340FB60FA683B699A4236
:1028300040F0B780624A7B699B08023352F823302C
:10284000BB607B6903F003039B000F2202FA03F3D2
:10285000BA681340BB607B685A4A934225D07B68B4
:10286000594A93421FD07B68584A934219D07B68DB
:10287000574A934213D07B68564A93420DD07B68E7
:10288000554A934207D07B68544A934201D10623AC
:102890000CE007230AE0052308E0042306E00323F5
:1028A00004E0022302E0012300E000237A6902F041
:1028B000030292009340BA689A4232D1484B1A6898
:1028C000FB68DB43464913400B60454B5A68FB6885
:1028D000DB43434913404B60414BDA68FB68DB4301
:1028E0003F491340CB603E4B9A68FB68DB433C4951
:1028F00013408B607B6903F003039B000F2202FAF5
:1029000003F3BB602E4A7B699B08023352F8231005
:10291000BB68DA432A487B699B080A40023340F8C7
:1029200023207B681A687B695B00032101FA03F3AB
:10293000DB431A407B681A607B69DA087B680832DF
:1029400053F822107B6903F007039B000F2202FA61
:1029500003F3DB437A69D20819407B68083243F8F5
:1029600022107B68DA687B695B00032101FA03F3BC
:10297000DB431A407B68DA607B685A6801217B6917
:1029800001FA03F3DB431A407B685A607B689A685C
:102990007B695B00032101FA03F3DB431A407B6888
:1029A0009A607B6901337B617B690F2B7FF634AFC3
:1029B00000BF00BF1C37BD465DF8047B704700BFF9
:1029C00000380140000002400004024000080240BC
:1029D000000C0240001002400014024000180240A7
:1029E000003C014080B485B000AF78600B467B802E
:1029F0007B681A697B881340002B02D00123FB738C
:102A000001E00023FB73FB7B18461437BD465DF8DD
:102A1000047B704780B483B000AF78600B467B8046
:102A200013467B707B78002B03D07A887B689A6191
:102A300003E07B881A047B689A6100BF0C37BD46AF
:102A40005DF8047B704780B485B000AF78600B46BA
:102A50007B807B685B69FB607A88FB6813401A04A3
:102A6000FB68D9437B880B401A437B689A6100BF9F
:102A70001437BD465DF8047B704780B485B000AF65
:102A800078600B467B804FF48033FB607A88FB686C
:102A90001343FB60FA687B68DA617A887B68DA61E5
:102AA000FA687B68DA617B68DB69FB607B68DB69FD
:102AB00003F48033002B01D0002300E001231846EB
:102AC0001437BD465DF8047B704780B582B000AF17
:102AD0000346FB80084B5A69FB881340002B06D045
:102AE000054AFB885361FB88184600F007F800BFD1
:102AF0000837BD4680BD00BF003C014080B483B0B4
:102B000000AF0346FB8000BF0C37BD465DF8047B79
:102B1000704700BF80B400AF00231846BD465DF883
:102B2000047B704780B586B000AF78607B68002B6F
:102B300001D101236FE27B681B6803F00103002BC6
:102B400075D0884B9B6803F00C03042B0CD0854B8D
:102B50009B6803F00C03082B12D1824B5B6803F4D3
:102B60008003B3F5800F0BD17E4B1B6803F4003359
:102B7000002B5BD07B685B68002B57D101234AE2B6
:102B80007B685B68B3F5803F06D1764B1B68754A5E
:102B900043F4803313601DE07B685B68B3F5A02FBE
:102BA0000CD1704B1B686F4A43F4802313606D4B4C
:102BB0001B686C4A43F4803313600BE0694B1B685D
:102BC000684A23F480331360664B1B68654A23F41C
:102BD000802313607B685B68002B13D0FEF7AAF894
:102BE000386108E0FEF7A6F802463B69D31A642B69
:102BF00001D903230FE25B4B1B6803F40033002B66
:102C0000F0D014E0FEF796F8386108E0FEF792F88D
:102C100002463B69D31A642B01D90323FBE1514BD4
:102C20001B6803F40033002BF0D100E000BF7B6889
:102C30001B6803F00203002B63D04A4B9B6803F030
:102C40000C03002B0BD0474B9B6803F00C03082BA5
:102C50001CD1444B5B6803F48003002B16D1414B1D
:102C60001B6803F00203002B05D07B68DB68012B97
:102C700001D00123CFE13B4B1B6823F0F8027B68B6
:102C80001B69DB00374913430B603AE07B68DB6864
:102C9000002B20D0344B01221A60FEF74BF838612C
:102CA00008E0FEF747F802463B69D31A022B01D928
:102CB0000323B0E12B4B1B6803F00203002BF0D081
:102CC000284B1B6823F0F8027B681B69DB00254951
:102CD00013430B6015E0244B00221A60FEF72AF81C
:102CE000386108E0FEF726F802463B69D31A022B4A
:102CF00001D903238FE11B4B1B6803F00203002B58
:102D0000F0D17B681B6803F00803002B36D07B688A
:102D10005B69002B16D0154B01221A60FEF70AF8EA
:102D2000386108E0FEF706F802463B69D31A022B29
:102D300001D903236FE10B4B5B6F03F00203002B00
:102D4000F0D01BE0094B00221A60FDF7F3FF386159
:102D50000EE0FDF7EFFF02463B69D31A022B07D9BD
:102D6000032358E10038024000004742800E4742EA
:102D7000884B5B6F03F00203002BEAD17B681B6872
:102D800003F00403002B00F097800023FB75814BB8
:102D90001B6C03F08053002B0FD10023BB607D4BD5
:102DA0001B6C7C4A43F0805313647A4B1B6C03F01A
:102DB0008053BB60BB680123FB75774B1B6803F432
:102DC0008073002B18D1744B1B68734A43F48073D3
:102DD0001360FDF7AFFF386108E0FDF7ABFF024677
:102DE0003B69D31A022B01D9032314E16A4B1B68F8
:102DF00003F48073002BF0D07B689B68012B06D115
:102E0000644B1B6F634A43F0010313671CE07B684C
:102E10009B68052B0CD15F4B1B6F5E4A43F004038C
:102E200013675C4B1B6F5B4A43F0010313670BE0B6
:102E3000584B1B6F574A23F001031367554B1B6F09
:102E4000544A23F0040313677B689B68002B15D05A
:102E5000FDF770FF38610AE0FDF76CFF02463B6941
:102E6000D31A41F28832934201D90323D3E0494B6C
:102E70001B6F03F00203002BEED014E0FDF75AFFA6
:102E800038610AE0FDF756FF02463B69D31A41F26A
:102E90008832934201D90323BDE03E4B1B6F03F000
:102EA0000203002BEED1FB7D012B05D1394B1B6CAE
:102EB000384A23F0805313647B689B69002B00F031
:102EC000A980344B9B6803F00C03082B5CD07B6813
:102ED0009B69022B41D1314B00221A60FDF72AFF7A
:102EE000386108E0FDF726FF02463B69D31A022B42
:102EF00001D903238FE0274B1B6803F00073002BDD
:102F0000F0D17B68DA697B681B6A1A437B685B6A6D
:102F10009B011A437B689B6A5B08013B1B041A43B5
:102F20007B68DB6A1B061B4913434B601B4B01226A
:102F30001A60FDF7FFFE386108E0FDF7FBFE024670
:102F40003B69D31A022B01D9032364E0114B1B68A0
:102F500003F00073002BF0D05CE0104B00221A60ED
:102F6000FDF7E8FE386108E0FDF7E4FE02463B6944
:102F7000D31A022B01D903234DE0064B1B6803F043
:102F80000073002BF0D145E07B689B69012B07D1D2
:102F9000012340E0003802400070004060004742DA
:102FA0001F4B5B68FB607B689B69012B30D0FB6823
:102FB00003F480027B68DB699A4229D1FB6803F045
:102FC0003F027B681B6A9A4222D1FA6847F6C073B7
:102FD00013407A68526A9201934219D1FB6803F454
:102FE00040327B689B6A5B08013B1B049A420FD10D
:102FF000FB6803F070627B68DB6A1B069A4207D1AC
:10300000FB6803F0E0427B681B6B1B079A4201D010
:10301000012300E0002318461837BD4680BD00BFDD
:103020000038024080B584B000AF786039607B68BA
:10303000002B01D10123CCE0684B1B6803F00F0388
:103040003A689A420CD9654B3A68D2B21A70634B0F
:103050001B6803F00F033A689A4201D00123B8E0DD
:103060007B681B6803F00203002B20D07B681B6881
:1030700003F00403002B05D0594B9B68584A43F4D6
:10308000E05393607B681B6803F00803002B05D0B6
:10309000534B9B68524A43F460439360504B9B6888
:1030A00023F0F0027B689B684D4913438B607B687B
:1030B0001B6803F00103002B44D07B685B68012B85
:1030C00007D1474B1B6803F40033002B19D10123B0
:1030D0007FE07B685B68022B03D07B685B68032B17
:1030E00007D13F4B1B6803F00073002B09D101236C
:1030F0006FE03B4B1B6803F00203002B01D101235F
:1031000067E0374B9B6823F003027B685B683449B8
:1031100013438B60FDF70EFEF8600AE0FDF70AFE30
:103120000246FB68D31A41F28832934201D9032345
:103130004FE02B4B9B6803F00C027B685B689B00A5
:103140009A42EBD1254B1B6803F00F033A689A4271
:103150000CD2224B3A68D2B21A70204B1B6803F093
:103160000F033A689A4201D0012332E07B681B6862
:1031700003F00403002B08D0194B9B6823F4E052A2
:103180007B68DB68164913438B607B681B6803F020
:103190000803002B09D0124B9B6823F460427B6824
:1031A0001B69DB000E4913438B6001F0F9F90246FD
:1031B0000B4B9B681B0903F00F030A49CB5C22FAF7
:1031C00003F3094A1360094B1B681846FDF76EFDAF
:1031D000002318461037BD4680BD00BF003C0240AA
:1031E000003802407CF100080000002004000020AC
:1031F00080B58CB000AFF860B9607A60FB68002BD6
:1032000029D10023BB612B4B1B6B2A4A43F00103DE
:103210001363284B1B6B03F00103BB61BB694FF4C5
:103220008073FB6102233B620323BB6200237B624A
:103230000023FB6207F11C0319461F48FFF74AF9F8
:103240001C4B9B6823F0EC62B9687B680B431949FF
:1032500013438B6029E000237B61164B1B6B154ADF
:1032600043F004031363134B1B6B03F004037B61F4
:103270007B694FF40073FB6102233B620323BB6253
:1032800000237B620023FB6207F11C0319460B48F5
:10329000FFF720F9074B9B6823F078427B68D90041
:1032A000BB680B43034913438B6000BF3037BD46F7
:1032B00080BD00BF0038024000000240000802400C
:1032C00080B400AF034B01221A6000BFBD465DF819
:1032D000047B70474C00474280B400AF034B002290
:1032E0001A6000BFBD465DF8047B70474C00474242
:1032F0002DE9B04F94B000AF00237B640023FB6442
:1033000000233B640023BB64794B9B6803F00C03F0
:10331000082B0DD0082B00F2E180002B02D0042BEB
:1033200003D0DBE0734BBB64DBE0734BBB64D8E0E2
:103330006F4B5B6803F03F037B646D4B5B6803F48A
:103340008003002B63D06A4B5B689B090022BB6340
:10335000FA63BB6BC3F308033B6300237B63D7E9CA
:103360000C4522462B464FF000004FF0000159015A
:1033700041EAD261500102460B462146511A396199
:10338000294663EB01037B614FF000024FF000031D
:10339000D7E904AB59468B01514643EA9163514644
:1033A0008A015146B2EB0108594663EB01094FF01F
:1033B00000024FF000034FEAC90343EA58734FEA93
:1033C000C80290469946234618EB0303BB602B4680
:1033D00049EB0303FB604FF000024FF00003D7E915
:1033E000024529464B02214643EAD15321464A026F
:1033F000104619467B6C0022BB62FA62D7E90A23A9
:1034000004F096FE02460B461346FB6458E0384B28
:103410005B689B09002218461146C0F308033B6213
:1034200000237B62D7E9088942464B464FF00000F3
:103430004FF00001590141EAD261500102460B46AA
:103440004146B2EB010A494663EB010B4FF0000223
:103450004FF000034FEA8B1343EA9A634FEA8A1254
:10346000B2EB0A0463EB0B054FF000024FF00003D0
:10347000EB0043EA5473E20014461D464346E3184A
:103480003B604B4645EB03037B604FF000024FF07F
:103490000003D7E9004529468B02214643EA9153B0
:1034A00021468A02104619467B6C0022BB61FA61F4
:1034B000D7E9062304F03CFE02460B461346FB64A4
:1034C0000B4B5B681B0C03F0030301335B003B6495
:1034D000FA6C3B6CB2FBF3F3BB6402E0054BBB64DC
:1034E00000BFBB6C18465037BD46BDE8B08F00BF6B
:1034F000003802400024F40000127A0080B400AFCB
:10350000034B1B681846BD465DF8047B704700BF3F
:103510000000002080B500AFFFF7F0FF0246054B2A
:103520009B689B0A03F007030349CB5C22FA03F371
:10353000184680BD003802408CF1000880B500AF0D
:10354000FFF7DCFF0246054B9B685B0B03F00703AC
:103550000349CB5C22FA03F3184680BD00380240D1
:103560008CF1000880B483B000AF78607B680F22D4
:103570001A60454B1B6803F48023B3F5802F04D1F8
:103580007B684FF4A0225A600EE03F4B1B6803F4A7
:103590008033B3F5803F04D17B684FF480325A60AA
:1035A00002E07B6800225A60374B1B6803F001037E
:1035B000012B03D17B680122DA6002E07B680022E4
:1035C000DA60314B1B68DB0803F01F027B681A616D
:1035D0002D4B1B6F03F00403042B03D17B680522E2
:1035E0009A600CE0284B1B6F03F00103012B03D101
:1035F0007B6801229A6002E07B6800229A60224B7D
:103600005B6F03F00103012B03D17B6801225A6138
:1036100002E07B6800225A611B4B1B6803F0807339
:10362000B3F1807F03D17B6802229A6102E07B685C
:1036300001229A61144B5B6803F480027B68DA61B3
:10364000114B5B6803F03F027B681A620E4B5B68AC
:103650009B09C3F308027B685A620B4B5B6803F457
:10366000403303F580335B001A0C7B689A62064B8B
:103670005B681B0E03F00F027B68DA6200BF0C3739
:10368000BD465DF8047B70470038024080B483B0CB
:1036900000AF786039607B680F221A60124B9B681C
:1036A00003F003027B685A600F4B9B6803F0F00243
:1036B0007B689A600C4B9B6803F4E0527B68DA608D
:1036C000094B9B68DB0803F4E0527B681A61074BE7
:1036D0001B6803F00F023B681A6000BF0C37BD4641
:1036E0005DF8047B704700BF00380240003C024098
:1036F00080B500AF064BDB6803F08003802B04D15C
:1037000000F00AF8034B80221A7000BF80BD00BF92
:10371000003802400E38024080B400AF00BFBD4602
:103720005DF8047B704700BF80B58CB000AF786057
:1037300000237B6200233B620023FB610023BB610B
:1037400000237B6100233B610023FB600023FB62BD
:103750000023BB627B681B6803F00103002B10D0C1
:103760006F4BD3F88C3023F0C0627B689B6B6C4945
:103770001343C1F88C307B689B6B002B01D1012374
:10378000FB627B681B6803F00203002B10D0644BC4
:10379000D3F88C3023F0C0527B68DB6B6049134355
:1037A000C1F88C307B68DB6B002B01D10123FB62FD
:1037B0007B681B6803F00403002B17D0584BD3F829
:1037C0008C3023F440127B681B6B55491343C1F8BE
:1037D0008C307B681B6BB3F5801F01D10123FB622A
:1037E0007B681B6B002B01D10123BB627B681B68CC
:1037F00003F00803002B17D0494BD3F88C3023F487
:1038000040027B685B6B46491343C1F88C307B6890
:103810005B6BB3F5800F01D10123FB627B685B6BAF
:10382000002B01D10123BB627B681B6803F02003DE
:10383000002B00F08A800023BB60394B1B6C384A98
:1038400043F080531364364B1B6C03F08053BB6012
:10385000BB68344B1B68334A43F480731360FDF735
:1038600069FA786208E0FDF765FA02467B6AD31AC6
:10387000022B01D9032378E22A4B1B6803F48073DF
:10388000002BF0D0264B1B6F03F440733B623B6A66
:10389000002B2FD07B681B6C03F440733A6A9A426A
:1038A00028D01F4B1B6F23F440733B621E4B012239
:1038B0001A601D4B00221A60194A3B6A1367184BA5
:1038C0001B6F03F00103012B14D1FDF733FA78626B
:1038D0000AE0FDF72FFA02467B6AD31A41F28832DA
:1038E000934201D9032340E20D4B1B6F03F0020307
:1038F000002BEED07B681B6C03F44073B3F5407F64
:1039000014D1074B9B6823F4F8127B681B6C23F0DF
:10391000704323F44073024913438B600CE000BFF3
:103920000038024000700040400E47424A4B9B68FE
:10393000494A23F4F8139360474B1A6F7B681B6C5A
:10394000C3F30B03444913430B677B681B6803F005
:103950001003002B04D07B6893F858203F4B1A606B
:103960007B681B6803F08003002B0AD03A4BD3F826
:10397000943023F440027B68DB6C37491343C1F871
:1039800094307B681B6803F04003002B0AD0324B55
:10399000D3F8943023F080627B689B6C2E491343EC
:1039A000C1F894307B681B6803F48073002B11D03E
:1039B000294BD3F8943023F000627B685B6D264975
:1039C0001343C1F894307B685B6DB3F1006F01D194
:1039D0000123BB627B681B6803F40073002B0AD0D1
:1039E0001D4BD3F8943023F080527B685B6C1A49EE
:1039F0001343C1F894307B681B6803F48063002B89
:103A000011D0154BD3F8943023F000527B681B6D16
:103A100011491343C1F894307B681B6DB3F1005F0B
:103A200001D10123FB62FB6A012B05D07B681B6877
:103A3000B3F5006F40F0FF80094B00221A60FDF7DC
:103A400079F978620EE0FDF775F902467B6AD31AC0
:103A5000022B07D9032388E100380240E0114742D6
:103A6000680047427E4B1B6803F00063002BEAD1DD
:103A70007B681B6803F00103002B03D07B689B6B02
:103A8000002B09D07B681B6803F00203002B28D0B1
:103A90007B68DB6B002B24D1714BD3F884301B0C7B
:103AA00003F0030301335B00FB616D4BD3F88430FB
:103AB0001B0E03F00F03BB617B685A687B689B6831
:103AC0009B011A43FB695B08013B1B041A43BB695A
:103AD0001B061A437B685B691B0761491343C1F8E6
:103AE00084307B681B6803F00403002B04D07B68E0
:103AF0001B6BB3F5801F0AD07B681B6803F00803BB
:103B0000002B35D07B685B6BB3F5800F30D1544B05
:103B1000D3F884301B0C03F0030301335B00FB611B
:103B20004F4BD3F884301B0F03F007037B617B6896
:103B30005A687B689B689B011A43FB695B08013BE1
:103B40001B041A437B681B691B061A437B691B070E
:103B500043491343C1F88430414BD3F88C3023F0F0
:103B60001F027B689B6A013B3D491343C1F88C30BF
:103B70007B681B6803F48063002B29D07B681B6D76
:103B8000B3F1005F24D1364BD3F884301B0C03F023
:103B9000030301335B00BB61314BD3F884301B0F4F
:103BA00003F007037B617B685A687B689B689B0115
:103BB0001A437B68DB685B08013B1B041A43BB6943
:103BC0001B061A437B691B0725491343C1F8843040
:103BD0007B681B6803F40063002B16D07B685A686F
:103BE0007B689B689B011A437B68DB685B08013B31
:103BF0001B041A437B681B691B061A437B685B69BD
:103C00001B0717491343C1F88430164B01221A6071
:103C1000FDF790F8786208E0FDF78CF802467B6AC1
:103C2000D31A022B01D903239FE00D4B1B6803F02D
:103C30000063002BF0D0BB6A012B40F095800A4B4B
:103C400000221A60FDF776F878620FE0FDF772F84F
:103C500002467B6AD31A022B08D9032385E000BFF2
:103C6000003802406800474270004742414B1B68E1
:103C700003F00053B3F1005FE8D07B681B6803F0EA
:103C80000403002B03D07B681B6B002B09D07B68DF
:103C90001B6803F00803002B2BD07B685B6B002BA9
:103CA00027D1344BD3F888301B0C03F003030133C6
:103CB0005B003B617B689A697B68DB699B011A4307
:103CC0003B695B08013B1B041A437B685B6A1B066C
:103CD00028491343C1F88830264BD3F88C3023F49D
:103CE000F8527B68DB6A013B1B0222491343C1F88F
:103CF0008C307B681B6803F48073002B1DD07B68BD
:103D00005B6DB3F1006F18D11A4BD3F888301B0EDE
:103D100003F00F03FB607B689A697B68DB699B019A
:103D20001A437B681B6A5B08013B1B041A43FB6850
:103D30001B0610491343C1F888300F4B01221A604B
:103D4000FCF7F8FF786208E0FCF7F4FF02467B6AB4
:103D5000D31A022B01D9032307E0064B1B6803F09B
:103D60000053B3F1005FEFD1002318463037BD4652
:103D700080BD00BF003802407000474280B485B06B
:103D800000AF78607B6840F2FF721A605D4BD3F839
:103D9000843003F03F027B685A605A4BD3F884307A
:103DA0009B09C3F308027B689A60564BD3F88430B2
:103DB0001B0C03F0030301335A007B68DA60514B9C
:103DC000D3F884301B0E03F00F027B681A614D4B51
:103DD000D3F884301B0F03F007027B685A61494B0C
:103DE000D3F8883003F03F027B689A61454BD3F8E3
:103DF00088309B09C3F308027B68DA61414BD3F832
:103E000088301B0C03F0030301335A007B681A62ED
:103E10003C4BD3F888301B0E03F00F027B685A62CC
:103E2000384BD3F88C3003F01F027B689A62354B15
:103E3000D3F88C301B0A03F01F027B68DA62314B27
:103E4000D3F88C3003F440127B681A632D4BD3F8FF
:103E50008C3003F440027B685A632A4BD3F88C30D1
:103E600003F0C0627B689A63264BD3F88C3003F072
:103E7000C0527B68DA63234B9B6803F4F813FB6042
:103E8000204B1B6F03F44072FB681A437B681A6473
:103E90001C4BD3F8943003F080627B689A64194B12
:103EA000D3F8943003F440027B68DA64154BD3F8FE
:103EB000943003F000627B685A65124BD3F894305B
:103EC00003F080527B685A640E4BD3F8943003F0B1
:103ED00000527B681A650B4BD3F88C3003F080736B
:103EE000002B04D17B68002283F8582003E07B6814
:103EF000012283F8582000BF1437BD465DF8047BCB
:103F0000704700BF0038024080B489B000AF7860CD
:103F100000237B610023FB610023BB6100233B6125
:103F20000023FB600023BB607B68013B072B00F292
:103F3000248201A252F823F03B41000865420008A8
:103F40007B430008593F00087B4300087B4300087F
:103F50007B430008593F0008A84BD3F88C303B61E5
:103F60003B6903F470033B613B69B3F5400F00F01C
:103F7000D6803B69B3F5400F00F2DD803B69B3F5B5
:103F8000000F00F09F803B69B3F5000F00F2D38073
:103F90003B69B3F5800F5BD03B69B3F5800F00F24E
:103FA000CA803B69B3F5401F00F0B6803B69B3F5AA
:103FB000401F00F2C0803B69B3F5001F00F0828013
:103FC0003B69B3F5001F00F2B6803B69002B04D0BB
:103FD0003B69B3F5801F3BD0ADE0884B5B6803F4D1
:103FE0008003002B09D1854BD3F8883003F03F03C1
:103FF000834AB2FBF3F3BB6108E0804BD3F888300F
:1040000003F03F037F4AB2FBF3F3BB617B4BD3F872
:1040100088301B0E03F00F037B61784BD3F8883098
:104020009B09C3F30803BA6903FB02F27B69B2FB85
:10403000F3F3FB61714BD3F88C301B0A03F01F03C1
:1040400001337B61FA697B69B2FBF3F3FB6173E0D7
:104050006A4B5B6803F48003002B09D1674BD3F8EC
:10406000843003F03F03664AB2FBF3F3BB6108E020
:10407000624BD3F8843003F03F03624AB2FBF3F3A0
:10408000BB615E4BD3F884301B0E03F00F037B61E2
:104090005A4BD3F884309B09C3F30803BA6903FB76
:1040A00002F27B69B2FBF3F3FB61544BD3F88C3023
:1040B00003F01F0301337B61FA697B69B2FBF3F301
:1040C000FB6139E04D4B5B6803F48003002B08D1A2
:1040D0004A4B5B6803F03F03494AB2FBF3F3BB6111
:1040E00007E0464B5B6803F03F03464AB2FBF3F33D
:1040F000BB61424B5B681B0F03F007037B613F4BC7
:104100005B689B09C3F30803BA6903FB02F27B698E
:10411000B2FBF3F3FB610FE03B4BFB610CE0374B71
:104120005B6803F48003002B02D1354BFB6103E095
:10413000344BFB6100E000BF20E1304BD3F88C3002
:1041400003F0C063FB60FB68B3F1C06F79D0FB681C
:10415000B3F1C06F00F28280FB68B3F1806F3CD096
:10416000FB68B3F1806F79D8FB68002B06D0FB6841
:10417000B3F1007F72D1244BFB6172E01F4B5B688F
:1041800003F48003B3F5800F09D11C4BD3F88430BE
:1041900003F03F031B4AB2FBF3F3BB6108E0174B8C
:1041A000D3F8843003F03F03154AB2FBF3F3BB614D
:1041B000124BD3F884309B09C3F30802BB6902FB9E
:1041C00003F3BB600D4BD3F884301B0F03F00703E0
:1041D000BA68B2FBF3F3FB6143E0084B5B6803F49E
:1041E0008003B3F5800F11D1044B5B6803F03F03EC
:1041F000044AB2FBF3F3BB6110E000BF0038024099
:104200000024F40000127A000080BB005F4B5B6862
:1042100003F03F035E4AB2FBF3F3BB615B4B5B68A9
:104220009B09C3F30802BB6902FB03F3BB60574B56
:104230005B681B0F03F00703BA68B2FBF3F3FB6183
:104240000FE0524B5B6803F48003B3F5800F02D19B
:10425000504BFB6105E04E4BFB6102E00023FB612C
:1042600000BF8BE0494BD3F88C3003F0C053FB60A8
:10427000FB68B3F1C05F6FD0FB68B3F1C05F78D863
:10428000FB68B3F1805F3CD0FB68B3F1805F70D80E
:10429000FB68002B06D0FB68B3F1006F69D13E4B81
:1042A000FB6169E0394B5B6803F48003B3F5800F71
:1042B00009D1364BD3F8843003F03F03354AB2FBC3
:1042C000F3F3BB6108E0314BD3F8843003F03F03D4
:1042D0002F4AB2FBF3F3BB612C4BD3F884309B091C
:1042E000C3F30802BB6902FB03F3BB60274BD3F89F
:1042F00084301B0F03F00703BA68B2FBF3F3FB61D2
:104300003AE0224B5B6803F48003B3F5800F08D1D9
:104310001E4B5B6803F03F031E4AB2FBF3F3BB6125
:1043200007E01A4B5B6803F03F03194AB2FBF3F353
:10433000BB61164B5B689B09C3F30802BB6902FBB8
:1043400003F3BB60114B5B681B0F03F00703BA68F4
:10435000B2FBF3F3FB610FE00C4B5B6803F48003EB
:10436000B3F5800F02D10B4BFB6105E0084BFB61FD
:1043700002E00023FB6100BF00E000BFFB691846BC
:104380002437BD465DF8047B704700BF003802400B
:104390000024F40000127A000080BB0080B483B0D7
:1043A00000AF0346FB71FB79012B06D1094B1B6F54
:1043B000084A43F00803136705E0064B1B6F054AE4
:1043C00023F00803136700BF0C37BD465DF8047B7C
:1043D000704700BF0038024080B584B000AF7860FD
:1043E000234B00221A60FCF7A5FCF86008E0FCF7FC
:1043F000A1FC0246FB68D31A022B01D9032333E048
:104400001C4B1B6803F00063002BF0D17B681A681B
:104410007B685B689B011A437B689B685B08013B78
:104420001B041A437B68DB681B061A437B681B6905
:104430001B0710491343C1F884300D4B01221A6049
:10444000FCF778FCF86008E0FCF774FC0246FB68B7
:10445000D31A022B01D9032306E0064B1B6803F095
:104460000063002BF0D0002318461037BD4680BDF6
:10447000680047420038024080B582B000AF0D4B63
:1044800000221A60FCF756FC786008E0FCF752FC4A
:1044900002467B68D31A022B01D9032306E0064BA0
:1044A0001B6803F00063002BF0D100231846083787
:1044B000BD4680BD680047420038024080B584B0E8
:1044C00000AF7860224B00221A60FCF733FCF860E2
:1044D00008E0FCF72FFC0246FB68D31A022B01D937
:1044E000032331E01B4B1B6803F00053B3F1005F63
:1044F000EFD07B681A687B685B689B011A437B6816
:104500009B685B08013B1B041A437B68DB681B0646
:1045100010491343C1F888300D4B01221A60FCF793
:1045200009FCF86008E0FCF705FC0246FB68D31ABA
:10453000022B01D9032307E0064B1B6803F000534D
:10454000B3F1005FEFD1002318461037BD4680BDA0
:10455000700047420038024080B582B000AF0E4B79
:1045600000221A60FCF7E6FB786008E0FCF7E2FB4B
:1045700002467B68D31A022B01D9032307E0074BBD
:104580001B6803F00053B3F1005FEFD0002318461F
:104590000837BD4680BD00BF70004742003802406A
:1045A0002DE9B04FAEB000AF0023C7F8AC30002308
:1045B000C7F8B4300023C7F8A8300023C7F8A430E8
:1045C0000023C7F8B030CB4B9B6803F00C030C2BD7
:1045D00000F2068201A252F823F000BF1146000843
:1045E000E1490008E1490008E149000819460008CE
:1045F000E1490008E1490008E149000821460008B6
:10460000E1490008E1490008E149000811480008B3
:10461000B94BC7F8B030E7E1B84BC7F8B030E3E1C9
:10462000B44B5B6803F03F03C7F8AC30B14B5B6839
:1046300003F48003002B71D0AE4B5B689B09002212
:10464000C7F89830C7F89C20D7F89830C3F3080310
:10465000C7F890300023C7F89430D7E924452246A4
:104660002B464FF000004FF00001590141EAD261A2
:10467000500102460B462146511A3964294663EB24
:1046800001037B644FF000024FF00003D7E910896B
:1046900049468B01414643EA916341468A014146BE
:1046A000511AB963494663EB0103FB634FF0000203
:1046B0004FF00003D7E90E894946CB00414643EA53
:1046C00051734146CA0010461946034622469B18BC
:1046D0003B632B460A4642EB03037B634FF0000229
:1046E0004FF00003D7E90C4529464B02214643EA27
:1046F000D15321464A0210461946D7F8AC30002261
:10470000C7F88830C7F88C20D7E9222303F010FDC2
:1047100002460B461346C7F8B43067E0754B5B683A
:104720009B090022C7F88030C7F88420D7F8803072
:10473000C3F30803BB670023FB67D7E91E45224686
:104740002B464FF000004FF00001590141EAD261C1
:10475000500102460B462146511AB962294663EBC5
:104760000103FB624FF000024FF00003D7E90A8912
:1047700049468B01414643EA916341468A014146DD
:10478000B2EB010A494663EB010B4FF000024FF018
:1047900000034FEACB0343EA5A734FEACA02924638
:1047A0009B4623461AEB03033B622B464BEB03036A
:1047B0007B624FF000024FF00003D7E9084529461D
:1047C0008B02214643EA915321468A02104619463C
:1047D000D7F8AC3000223B677A67D7E91C2303F097
:1047E000A7FC02460B461346C7F8B430414B5B6842
:1047F0001B0C03F0030301335B00C7F8A830D7F8A4
:10480000B420D7F8A830B2FBF3F3C7F8B030EBE030
:10481000384B5B6803F03F03C7F8AC30354B5B683F
:1048200003F48003002B6BD0324B5B689B090022A2
:10483000BB66FA66BB6EC3F308033B6600237B6668
:10484000D7E9184522462B464FF000004FF00001F3
:10485000590141EAD261500102460B462146511AE4
:10486000B961294663EB0103FB614FF000024FF091
:104870000003D7E906AB59468B01514643EA9163E1
:1048800051468A015146B2EB0108594663EB0109D2
:104890004FF000024FF000034FEAC90343EA587398
:1048A0004FEAC80290469946234618EB03033B6142
:1048B0002B4649EB03037B614FF000024FF00003EE
:1048C000D7E9044529464B02214643EAD153214604
:1048D0004A0210461946D7F8AC300022BB65FA658B
:1048E000D7E9162303F024FC02460B461346C7F80B
:1048F000B43065E0003802400024F40000127A0071
:104900003D4B5B689B09002218461146C0F3080323
:104910003B6500237B65D7E9148942464B464FF03F
:1049200000004FF00001590141EAD26150010246F6
:104930000B464146511AB960494663EB0103FB60DF
:104940004FF000024FF00003D7E902AB59468B014C
:10495000514643EA916351468A015146541A5946D9
:1049600063EB01054FF000024FF00003EB0043EA58
:104970005473E20014461D464346E3183B604B4621
:1049800045EB03037B604FF000024FF00003D7E9D3
:10499000004529468B02214643EA915321468A026B
:1049A00010461946D7F8AC300022BB64FA64D7E948
:1049B000122303F0BDFB02460B461346C7F8B43082
:1049C0000D4B5B681B0F03F00703C7F8A430D7F843
:1049D000B420D7F8A430B2FBF3F3C7F8B03003E04B
:1049E000064BC7F8B03000BFD7F8B0301846B8371C
:1049F000BD46BDE8B08F00BF003802400024F4007F
:104A000080B582B000AFFCF795F97860724B1B68F7
:104A1000714A43F00103136008E0FCF78BF902468A
:104A20007B68D31A022B01D90323D0E06A4B1B68A1
:104A300003F00203002BF0D0674B1B68664A43F07B
:104A400080031360FCF776F97860634B00229A606C
:104A50000AE0FCF76FF902467B68D31A41F288320C
:104A6000934201D90323B2E05B4B9B6803F00C0334
:104A7000002BEED1FCF75EF97860574B1B68564A65
:104A800023F45023136008E0FCF754F902467B68D6
:104A9000D31A642B01D9032399E04F4B1B6803F40D
:104AA0000033002BF0D1FCF745F978604A4B1B68C6
:104AB000494A23F08073136008E0FCF73BF9024693
:104AC0007B68D31A022B01D9032380E0424B1B6879
:104AD00003F00073002BF0D1FCF72CF978603E4B0B
:104AE0001B683D4A23F08063136008E0FCF722F95D
:104AF00002467B68D31A022B01D9032367E0364BA9
:104B00001B6803F00063002BF0D1FCF713F9786009
:104B1000314B1B68304A23F08053136008E0FCF7E8
:104B200009F902467B68D31A022B01D903234EE010
:104B3000294B1B6803F00053002BF0D1264B274A6A
:104B40005A60254B254AC3F88420234B244AC3F8D6
:104B50008820214BDB68204A23F4F853D3601E4B96
:104B6000DB681D4A23F40053D3601B4BDB681A4AF1
:104B700023F48043D360184BDB68174A43F41F03C8
:104B8000D360154BDB68144A43F40013D360124B17
:104B9000DB68114A43F48003D3600F4B5B6F0E4A0E
:104BA00023F0010353670C4B5B6F0B4A43F0807398
:104BB00053670C4B0C4A1A600C4B1B681846FCF7E9
:104BC00075F80346002B01D0012300E000231846AE
:104BD0000837BD4680BD00BF0038024010300024B9
:104BE00010300004000000200024F4000400002025
:104BF00080B586B000AF78607B68002B01D10123BF
:104C00008DE27B681B6803F00103002B00F08380BA
:104C1000944B9B6803F00C03042B19D0914B9B68B9
:104C200003F00C03082B06D18E4B5B6803F4800362
:104C3000B3F5800F0CD08B4B9B6803F00C030C2B4F
:104C400012D1884B5B6803F48003B3F5800F0BD15E
:104C5000844B1B6803F40033002B5BD07B685B68DC
:104C6000002B57D101235AE27B685B68B3F5803F84
:104C700006D17C4B1B687B4A43F4803313601DE0F4
:104C80007B685B68B3F5A02F0CD1764B1B68754A27
:104C900043F480231360734B1B68724A43F48033E0
:104CA00013600BE06F4B1B686E4A23F48033136074
:104CB0006C4B1B686B4A23F4802313607B685B6832
:104CC000002B13D0FCF736F8386108E0FCF732F817
:104CD00002463B69D31A642B01D903231FE2614BBF
:104CE0001B6803F40033002BF0D014E0FCF722F82B
:104CF000386108E0FCF71EF802463B69D31A642BC2
:104D000001D903230BE2574B1B6803F40033002B3C
:104D1000F0D100E000BF7B681B6803F00203002BAA
:104D20006FD0504B9B6803F00C03002B17D04D4BFA
:104D30009B6803F00C03082B05D14A4B5B6803F416
:104D40008003002B0BD0474B9B6803F00C030C2B0C
:104D50001CD1444B5B6803F48003002B16D1414BFC
:104D60001B6803F00203002B05D07B68DB68012B76
:104D700001D00123D3E13B4B1B6823F0F8027B6891
:104D80001B69DB00374913430B603AE07B68DB6843
:104D9000002B20D0344B01221A60FBF7CBFF386187
:104DA00008E0FBF7C7FF02463B69D31A022B01D983
:104DB0000323B4E12B4B1B6803F00203002BF0D05C
:104DC000284B1B6823F0F8027B681B69DB00254930
:104DD00013430B6015E0244B00221A60FBF7AAFF77
:104DE000386108E0FBF7A6FF02463B69D31A022BA5
:104DF00001D9032393E11B4B1B6803F00203002B33
:104E0000F0D17B681B6803F00803002B36D07B6869
:104E10005B69002B16D0154B01221A60FBF78AFF45
:104E2000386108E0FBF786FF02463B69D31A022B84
:104E300001D9032373E10B4B5B6F03F00203002BDB
:104E4000F0D01BE0094B00221A60FBF773FF3861BA
:104E50000EE0FBF76FFF02463B69D31A022B07D91E
:104E600003235CE10038024000004742800E4742C5
:104E70008A4B5B6F03F00203002BEAD17B681B684F
:104E800003F00403002B00F097800023FB75834B95
:104E90001B6C03F08053002B0FD10023BB607F4BB2
:104EA0001B6C7E4A43F0805313647C4B1B6C03F0F5
:104EB0008053BB60BB680123FB75794B1B6803F40F
:104EC0008073002B18D1764B1B68754A43F48073AE
:104ED0001360FBF72FFF386108E0FBF72BFF02465A
:104EE0003B69D31A022B01D9032318E16C4B1B68D1
:104EF00003F48073002BF0D07B689B68012B06D1F4
:104F0000664B1B6F654A43F0010313671CE07B6827
:104F10009B68052B0CD1614B1B6F604A43F0040367
:104F200013675E4B1B6F5D4A43F0010313670BE091
:104F30005A4B1B6F594A23F001031367574B1B6FE2
:104F4000564A23F0040313677B689B68002B15D037
:104F5000FBF7F0FE38610AE0FBF7ECFE02463B6926
:104F6000D31A41F28832934201D90323D7E04B4B45
:104F70001B6F03F00203002BEED014E0FBF7DAFE08
:104F800038610AE0FBF7D6FE02463B69D31A41F2CC
:104F90008832934201D90323C1E0404B1B6F03F0D9
:104FA0000203002BEED1FB7D012B05D13B4B1B6C8B
:104FB0003A4A23F0805313647B689B69002B00F00E
:104FC000AD80364B9B6803F00C03082B60D07B68E8
:104FD0009B69022B45D1334B00221A60FBF7AAFED6
:104FE000386108E0FBF7A6FE02463B69D31A022BA4
:104FF00001D9032393E0294B1B6803F00073002BB6
:10500000F0D17B68DA697B681B6A1A437B685B6A4C
:105010009B011A437B689B6A5B08013B1B041A4394
:105020007B68DB6A1B061A437B681B6B1B071B49EB
:1050300013434B601B4B01221A60FBF77BFE386168
:1050400008E0FBF777FE02463B69D31A022B01D931
:10505000032364E0114B1B6803F00073002BF0D0B6
:105060005CE0104B00221A60FBF764FE386108E038
:10507000FBF760FE02463B69D31A022B01D90323DA
:105080004DE0064B1B6803F00073002BF0D145E0A8
:105090007B689B69012B07D1012340E00038024067
:1050A00000700040600047421F4B5B68FB607B68FC
:1050B0009B69012B30D0FB6803F480027B68DB69BD
:1050C0009A4229D1FB6803F03F027B681B6A9A422F
:1050D00022D1FA6847F6C07313407A68526A920187
:1050E000934219D1FB6803F440327B689B6A5B08EA
:1050F000013B1B049A420FD1FB6803F070627B688E
:10510000DB6A1B069A4207D1FB6803F0E0427B682A
:105110001B6B1B079A4201D0012300E000231846B5
:105120001837BD4680BD00BF0038024080B483B050
:1051300000AF78607B680F221A60494B1B6803F44C
:105140008023B3F5802F04D17B684FF4A0225A60EE
:105150000EE0434B1B6803F48033B3F5803F04D16A
:105160007B684FF480325A6002E07B6800225A600C
:105170003B4B1B6803F00103012B03D17B68012229
:10518000DA6002E07B680022DA60354B1B68DB08DE
:1051900003F01F027B681A61314B1B6F03F004039D
:1051A000042B03D17B6805229A600CE02C4B1B6F0B
:1051B00003F00103012B03D17B6801229A6002E016
:1051C0007B6800229A60264B5B6F03F00103012B82
:1051D00003D17B6801225A6102E07B6800225A6198
:1051E0001F4B1B6803F08073B3F1807F03D17B6892
:1051F00002229A6102E07B6801229A61184B5B6887
:1052000003F480027B68DA61154B5B6803F03F02B0
:105210007B681A62124B5B689B09C3F308027B68C8
:105220005A620F4B5B6803F4403303F580335B0035
:105230001A0C7B689A620A4B5B681B0E03F00F0224
:105240007B68DA62064B5B681B0F03F007027B6822
:105250001A6300BF0C37BD465DF8047B704700BF82
:105260000038024080B582B000AF78607B68002BC8
:1052700001D1012342E07B6893F84130DBB2002B7F
:1052800006D17B68002283F840207868FBF736FA65
:105290007B68242283F841207B681B68DA687B687E
:1052A0001B6822F40052DA60786802F066FC7B68C2
:1052B0001B681A697B681B6822F490421A617B683C
:1052C0001B685A697B681B6822F02A025A617B6856
:1052D0001B68DA687B681B6842F40052DA607B68FE
:1052E00000225A647B68202283F841207B682022B8
:1052F00083F842207B6800225A630023184608374F
:10530000BD4680BD80B582B000AF78607B68002B61
:1053100001D101234AE07B6893F84130DBB2002BD6
:1053200006D17B68002283F840207868FBF7E6F915
:105330007B68242283F841207B681B68DA687B68DD
:105340001B6822F40052DA60786802F016FC7B6871
:105350001B681A697B681B6822F490421A617B689B
:105360001B685A697B681B6822F022025A617B68BD
:105370001B685A697B681B6842F008025A617B68A7
:105380001B68DA687B681B6842F40052DA607B684D
:1053900000225A647B68202283F841207B68202207
:1053A00083F842207B6800225A630023184608379E
:1053B000BD4680BD80B582B000AF786039607B6843
:1053C000002B01D101235AE07B6893F84130DBB216
:1053D000002B06D17B68002283F840207868FBF719
:1053E0008DF97B68242283F841207B681B68DA688A
:1053F0007B681B6822F40052DA60786802F0BDFB1B
:105400007B681B681A697B681B6822F400621A615A
:105410007B681B685A697B681B6822F02A025A6104
:105420007B681B681A697B681B6842F480421A61BA
:105430007B681B681A697B681B6822F020021A616E
:105440007B681B6819697B681B683A680A431A61A4
:105450007B681B68DA687B681B6842F40052DA607C
:105460007B6800225A647B68202283F841207B6895
:10547000202283F842207B6800225A6300231846CA
:105480000837BD4680BD80B584B000AFF8600B46DC
:105490007A60FB72FB68002B01D1012362E0FB689C
:1054A00093F84130DBB2002B06D1FB68002283F871
:1054B0004020F868FBF722F9FB68242283F841209A
:1054C000FB681B68DA68FB681B6822F40052DA602C
:1054D000F86802F052FBFB681B681A69FB681B68DE
:1054E00022F490421A61FB681B685A69FB681B68CA
:1054F00022F02A025A61FB681B681A69FB681B6864
:1055000022F00F021A61FB681B681969FA7AFB68BE
:105510001B680A431A61FB681B68DA68FB681B6832
:1055200022F40062DA60FB681B68D968FB681B68BC
:105530007A680A43DA60FB681B68DA68FB681B68F4
:1055400042F40052DA60FB6800225A64FB682022B1
:1055500083F84120FB68202283F84220FB68002268
:105560005A63002318461037BD4680BD80B582B00F
:1055700000AF78607B68002B01D1012324E07B68B9
:10558000242283F841207B681B68DA687B681B68EB
:1055900022F40052DA607868FBF7F8F87B680022A2
:1055A0005A647B68002283F841207B68002283F8DC
:1055B00042207B6800221A637B6800225A637B6862
:1055C000002283F84020002318460837BD4680BDDE
:1055D00080B483B000AF786000BF0C37BD465DF883
:1055E000047B704780B483B000AF786000BF0C3795
:1055F000BD465DF8047B704780B58AB002AFF860A5
:10560000B9603B601346FB8000237B61FB6893F825
:105610004130DBB2202B75D1BB68002B02D0FB8858
:10562000002B01D101236EE0FB6800225A64FB6865
:10563000212283F84120FBF77DFB7861FB68FA8823
:105640009A84FB68FA88DA84FB689B68B3F5805F0C
:1056500008D1FB681B69002B04D10023FB61BB68E8
:10566000BB6103E0BB68FB610023BB612EE03B68CC
:1056700000937B6900228021F86801F0F6FE034662
:10568000002B05D0FB68202283F8412003233AE059
:10569000FB69002B0BD1BB691B881A46FB681B6892
:1056A000C2F308025A60BB690233BB6107E0FB69C1
:1056B0001A78FB681B685A60FB690133FB61FB6861
:1056C000DB8C9BB2013B9AB2FB68DA84FB68DB8C13
:1056D0009BB2002BCBD13B6800937B690022402119
:1056E000F86801F0C2FE0346002B05D0FB682022BB
:1056F00083F84120032306E0FB68202283F8412041
:10570000002300E0022318462037BD4680BD80B547
:105710008AB002AFF860B9603B601346FB8000239B
:105720007B61FB6893F84230DBB2202B40F0818034
:10573000BB68002B02D0FB88002B01D1012379E04C
:10574000FB6800225A64FB68222283F84220FB682F
:1057500000221A63FBF7EEFA7861FB68FA889A85F3
:10576000FB68FA88DA85FB689B68B3F5805F08D12F
:10577000FB681B69002B04D10023FB61BB68BB6184
:1057800003E0BB68FB610023BB6147E03B6800931B
:105790007B6900222021F86801F067FE0346002B98
:1057A00005D0FB68202283F84220032342E0FB69F6
:1057B000002B0CD1FB681B685B689BB2C3F308032A
:1057C0009AB2BB691A80BB690233BB611FE0FB68F8
:1057D0009B68B3F5805F07D0FB689B68002B0AD1FC
:1057E000FB681B69002B06D1FB681B685B68DAB29B
:1057F000FB691A7008E0FB681B685B68DBB203F0AA
:105800007F03DAB2FB691A70FB690133FB61FB6845
:10581000DB8D9BB2013B9AB2FB68DA85FB68DB8DBE
:105820009BB2002BB2D1FB68202283F842200023D8
:1058300000E0022318462037BD4680BD80B485B005
:1058400000AFF860B9601346FB80FB6893F8413005
:10585000DBB2202B21D1BB68002B02D0FB88002BB0
:1058600001D101231AE0FB68BA681A62FB68FA8862
:105870009A84FB68FA88DA84FB6800225A64FB6821
:10588000212283F84120FB681B68DA68FB681B68EB
:1058900042F08002DA60002300E002231846143749
:1058A000BD465DF8047B704780B584B000AFF860FA
:1058B000B9601346FB80FB6893F84230DBB2202BC3
:1058C00012D1BB68002B02D0FB88002B01D1012331
:1058D0000BE0FB6800221A63FB881A46B968F86877
:1058E00001F01CFE034600E0022318461037BD46B7
:1058F00080BD80B58CB000AFF860B9601346FB8006
:10590000FB6893F84130DBB2202B62D1BB68002BDF
:1059100002D0FB88002B01D101235BE0BA68FB6851
:105920001A62FB68FA889A84FB68FA88DA84FB6852
:1059300000225A64FB68212283F84120FB689B6B9C
:10594000264ADA63FB689B6B254A1A64FB689B6BEB
:10595000244ADA64FB689B6B00221A6507F108038E
:10596000FB62FB68986BFB6A1968FB681B68043371
:105970001A46FB88FCF7A5F80346002B08D0FB6805
:1059800010225A64FB68202283F84120012321E081
:10599000FB681B686FF040021A60FB681B681433D9
:1059A000BB61BB6953E8003F7B617B6943F08003C7
:1059B000BB62FB681B681433BA6A7A623B62396A5D
:1059C0007A6A41E80023FB61FB69002BE5D10023E3
:1059D00000E0022318463037BD4680BDB97100088B
:1059E00053720008D773000880B584B000AFF86028
:1059F000B9601346FB80FB6893F84230DBB2202B82
:105A000012D1BB68002B02D0FB88002B01D10123EF
:105A10000BE0FB6800221A63FB881A46B968F86835
:105A200001F0B6FD034600E0022318461037BD46DC
:105A300080BD80B49DB000AF78600023FB667B68BA
:105A40001B685B6903F08003802B0CBF01230023DC
:105A5000DBB2FB667B6893F84130DBB2212B1CD1B3
:105A6000FB6E002B19D07B681B681433FB64FB6C46
:105A700053E8003FBB64BB6C23F08003BB667B68CC
:105A80001B681433BA6EBA657B65796DBA6D41E8EF
:105A900000233B653B6D002BE5D17B681B685B6990
:105AA00003F04003402B0CBF01230023DBB2FB6655
:105AB0007B6893F84230DBB2222B50D1FB6E002B77
:105AC0004DD07B681B680C33BB63BB6B53E8003F56
:105AD0007B637B6B23F480737B667B681B680C3372
:105AE0007A6E7A643B64396C7A6C41E80023FB631C
:105AF000FB6B002BE5D17B681B6814337B627B6AF0
:105B000053E8003F3B623B6A23F001033B667B683E
:105B10001B6814333A6E3A63FB62F96A3A6B41E8E8
:105B20000023BB62BB6A002BE5D17B681B68143382
:105B30003B613B6953E8003FFB60FB6823F0400397
:105B4000FB657B681B681433FA6DFA61BB61B96948
:105B5000FA6941E800237B617B69002BE5D10023D2
:105B600018467437BD465DF8047B704780B49DB01D
:105B700000AF78607B6893F84130DBB2212B19D1FC
:105B80007B681B6814333B653B6D53E8003FFB6447
:105B9000FB6C43F08003FB667B681B681433FA6E72
:105BA000FA65BB65B96DFA6D41E800237B657B6DD5
:105BB000002BE5D17B6893F84230DBB2222B5CD11D
:105BC0000023FB607B681B681B68FB607B681B68AD
:105BD0005B68FB60FB687B681B69002B19D07B68E6
:105BE0001B680C33FB63FB6B53E8003FBB63BB6B71
:105BF00043F48073BB667B681B680C33BA6EBA646F
:105C00007B64796CBA6C41E800233B643B6C002BED
:105C1000E5D17B681B681433BB62BB6A53E8003F65
:105C20007B627B6A43F001037B667B681B681433ED
:105C30007A6E7A633B63396B7A6B41E80023FB62CF
:105C4000FB6A002BE5D17B681B6814337B617B69A1
:105C500053E8003F3B613B6943F040033B667B6890
:105C60001B6814333A6E3A62FB61F9693A6A41E89B
:105C70000023BB61BB69002BE5D1002318467437B4
:105C8000BD465DF8047B704780B590B000AF78608A
:105C90000023FB637B681B685B6903F08003802B38
:105CA0000CBF01230023DBB2FB637B6893F8413018
:105CB000DBB2212B28D1FB6B002B25D07B681B6826
:105CC00014337B627B6A53E8003F3B623B6A23F0FC
:105CD0008003BB637B681B681433BA6B3A63FB6257
:105CE000F96A3A6B41E80023BB62BB6A002BE5D13D
:105CF0007B689B6B002B04D07B689B6B1846FBF783
:105D000038FF786801F0EAFC7B681B685B6903F088
:105D10004003402B0CBF01230023DBB2FB637B68F5
:105D200093F84230DBB2222B28D1FB6B002B25D01D
:105D30007B681B6814333B613B6953E8003FFB60A1
:105D4000FB6823F040037B637B681B6814337A6B2A
:105D5000FA61BB61B969FA6941E800237B617B693B
:105D6000002BE5D17B68DB6B002B04D07B68DB6B01
:105D70001846FBF7FEFE786801F0D8FC00231846B1
:105D80004037BD4680BD80B588B000AFF860B960CF
:105D90003B601346FB80FB6893F84230DBB2202B5C
:105DA00040F0C080BB68002B02D0FB88002B01D1E3
:105DB0000123B8E0FB6800225A64FB68222283F8C2
:105DC0004220FB6801221A63FB6800225A63FAF73B
:105DD000B1FF7861FB68FA889A85FB68FA88DA85F2
:105DE000FB689B68B3F5805F08D1FB681B69002BDB
:105DF00004D10023FB61BB68BB6103E0BB68FB61AE
:105E00000023BB613B6800221A8077E0FB681B68B7
:105E10001B6803F01003102B17D100233B61FB68B4
:105E20001B681B683B61FB681B685B683B613B69E7
:105E30003B681B88002B08D0FB6802225A63FB6872
:105E4000202283F8422000236DE0FB681B681B685A
:105E500003F02003202B3CD1FB69002B0CD1FB6805
:105E60001B685B689BB2C3F308039AB2BB691A80D4
:105E7000BB690233BB611FE0FB689B68B3F5805FC1
:105E800007D0FB689B68002B0AD1FB681B69002BBD
:105E900006D1FB681B685B68DAB2FB691A7008E020
:105EA000FB681B685B68DBB203F07F03DAB2FB6957
:105EB0001A70FB690133FB613B681B8801339AB29E
:105EC0003B681A80FB68DB8D9BB2013B9AB2FB6892
:105ED000DA85BB6AB3F1FF3F10D0FAF72BFF024619
:105EE0007B69D31ABA6A9A4202D3BB6A002B05D1E6
:105EF000FB68202283F84220032314E0FB68DB8D3B
:105F00009BB2002B82D1FB689A8DFB68DB8D9BB224
:105F1000D31A9AB23B681A80FB68202283F8422089
:105F2000002300E0022318462037BD4680BD80B51F
:105F30008CB000AFF860B9601346FB80FB6893F843
:105F40004230DBB2202B4AD1BB68002B02D0FB8849
:105F5000002B01D1012343E0FB6801221A63FB6897
:105F600000225A63FB881A46B968F86801F0D6FA2D
:105F7000034687F82F3097F82F30002B2CD1FB6881
:105F80001B6B012B25D100233B61FB681B681B6841
:105F90003B61FB681B685B683B613B69FB681B6896
:105FA0000C33BB61BB6953E8003F7B617B6943F005
:105FB0001003BB62FB681B680C33BA6A7A623B62EF
:105FC000396A7A6A41E80023FB61FB69002BE5D15D
:105FD00002E0012387F82F3097F82F3000E00223EA
:105FE00018463037BD4680BD80B58CB000AFF86034
:105FF000B9601346FB80FB6893F84230DBB2202B7C
:1060000046D1BB68002B02D0FB88002B01D10123B5
:106010003FE0FB6801221A63FB6800225A63FB8899
:106020001A46B968F86801F0B3FA034687F82F30CA
:10603000FB681B6B012B25D100233B61FB681B68B0
:106040001B683B61FB681B685B683B613B69FB68E5
:106050001B680C33BB61BB6953E8003F7B617B6904
:1060600043F01003BB62FB681B680C33BA6A7A62A8
:106070003B62396A7A6A41E80023FB61FB69002BC5
:10608000E5D102E0012387F82F3097F82F3000E0A8
:10609000022318463037BD4680BD80B483B000AFC0
:1060A00078607B685B6B18460C37BD465DF8047BF7
:1060B000704780B5A0B000AF78607B681B680C3378
:1060C000FB65FB6D53E8003FBB65BB6D23F4F073CC
:1060D000FB677B681B680C33FA6FBA667B66796E68
:1060E000BA6E41E800233B663B6E002BE5D17B682E
:1060F0001B681433BB64BB6C53E8003F7B647B6C50
:1061000023F00103BB677B681B681433BA6F7A65A1
:106110003B65396D7A6D41E80023FB64FB6C002B15
:10612000E5D17B681B6B012B19D17B681B680C3395
:106130007B637B6B53E8003F3B633B6B23F01003B7
:106140007B677B681B680C337A6F3A64FB63F96B7F
:106150003A6C41E80023BB63BB6B002BE5D17B6845
:106160001B685B6903F08003802B36D17B681B685A
:1061700014333B623B6A53E8003FFB61FB6923F049
:1061800080033B677B681B6814333A6FFA62BB621B
:10619000B96AFA6A41E800237B627B6A002BE5D189
:1061A0007B689B6B002B18D07B689B6B00221A6569
:1061B0007B689B6B1846FBF7DCFC0346002B0CD07E
:1061C0007B689B6B1846FCF79AF80346202B04D19A
:1061D0007B6810225A64032352E07B681B685B696A
:1061E00003F04003402B36D17B681B681433FB60FF
:1061F000FB6853E8003FBB60BB6823F04003FB66CD
:106200007B681B681433FA6EBA617B617969BA697D
:1062100041E800233B613B69002BE5D17B68DB6BE8
:10622000002B18D07B68DB6B00221A657B68DB6B68
:106230001846FBF79EFC0346002B0CD07B68DB6BFB
:106240001846FCF75CF80346202B04D17B6810222B
:106250005A64032314E07B680022DA847B680022FE
:10626000DA857B6800225A647B68202283F842200A
:106270007B68202283F841207B6800221A63002378
:1062800018468037BD4680BD80B58EB000AF7860BF
:106290007B681B680C333B623B6A53E8003FFB6141
:1062A000FB6923F0C0037B637B681B680C337A6B4C
:1062B000FA62BB62B96AFA6A41E800237B627B6AD0
:1062C000002BE5D17B681B685B6903F08003802BA2
:1062D00036D17B681B681433FB60FB6853E8003FD2
:1062E000BB60BB6823F080033B637B681B6814338F
:1062F0003A6BBA617B617969BA6941E800233B6115
:106300003B69002BE5D17B689B6B002B18D07B6829
:106310009B6B00221A657B689B6B1846FBF729FC78
:106320000346002B0CD07B689B6B1846FBF7E7FFFE
:106330000346202B04D17B6810225A64032307E014
:106340007B680022DA847B68202283F841200023C6
:1063500018463837BD4680BD80B59AB000AF78602A
:106360007B681B680C33BB64BB6C53E8003F7B64E9
:106370007B6C23F490737B667B681B680C337A6EAE
:106380007A653B65396D7A6D41E80023FB64FB6CEF
:10639000002BE5D17B681B6814337B637B6B53E870
:1063A000003F3B633B6B23F001033B667B681B684C
:1063B00014333A6E3A64FB63F96B3A6C41E800239C
:1063C000BB63BB6B002BE5D17B681B6B012B19D129
:1063D0007B681B680C333B623B6A53E8003FFB6100
:1063E000FB6923F01003FB657B681B680C33FA6DB7
:1063F000FA62BB62B96AFA6A41E800237B627B6A8F
:10640000002BE5D17B681B685B6903F04003402BE0
:1064100036D17B681B681433FB60FB6853E8003F90
:10642000BB60BB6823F04003BB657B681B6814330B
:10643000BA6DBA617B617969BA6941E800233B6151
:106440003B69002BE5D17B68DB6B002B18D07B68A8
:10645000DB6B00221A657B68DB6B1846FBF789FB58
:106460000346002B0CD07B68DB6B1846FBF747FF1D
:106470000346202B04D17B6810225A6403230AE0D0
:106480007B680022DA857B68202283F842207B68C3
:1064900000221A63002318466837BD4680BD80B5C8
:1064A000A2B000AF78600123C7F884307B681B6816
:1064B0000C333B663B6E53E8003FFB65FB6D23F4FA
:1064C000F073C7F880307B681B680C33D7F88020E6
:1064D000FA66BB66B96EFA6E41E800237B667B6E96
:1064E000002BE3D17B681B681433FB64FB6C53E81F
:1064F000003FBB64BB6C23F00103FB677B681B6838
:106500001433FA6FBA657B65796DBA6D41E8002383
:106510003B653B6D002BE5D17B681B6B012B19D1D3
:106520007B681B680C33BB63BB6B53E8003F7B632A
:106530007B6B23F01003BB677B681B680C33BA6F5F
:106540007A643B64396C7A6C41E80023FB63FB6B33
:10655000002BE5D17B689B6B002B0FD07B681B6801
:106560005B6903F08003802B04D17B689B6B544AEA
:106570001A6503E07B689B6B00221A657B68DB6B06
:10658000002B0FD07B681B685B6903F04003402B36
:1065900004D17B68DB6B4B4A1A6503E07B68DB6BDD
:1065A00000221A657B681B685B6903F08003802BFF
:1065B0002DD17B681B6814337B627B6A53E8003FF4
:1065C0003B623B6A23F080037B677B681B68143364
:1065D0007A6F3A63FB62F96A3A6B41E80023BB6267
:1065E000BB6A002BE5D17B689B6B002B0FD07B68CF
:1065F0009B6B1846FBF72DFB0346002B04D07B68F2
:106600009B6B00221A6502E00023C7F884307B6888
:106610001B685B6903F04003402B30D17B681B682B
:1066200014333B613B6953E8003FFB60FB6823F098
:1066300040033B677B681B6814333A6FFA61BB61A8
:10664000B969FA6941E800237B617B69002BE5D1D8
:106650007B68DB6B002B12D07B68DB6B1846FBF78B
:10666000F8FA0346002B07D07B68DB6B00221A6523
:106670000123C7F8843002E00023C7F88430D7F83C
:106680008430012B16D17B680022DA847B680022DB
:10669000DA857B6800225A647B68202283F84120D7
:1066A0007B68202283F842207B6800221A63786886
:1066B00000F00CFC002318468837BD4680BD00BFA3
:1066C000157800087578000880B58EB000AF786046
:1066D0007B681B680C333B623B6A53E8003FFB61FD
:1066E000FB6923F0C0037B637B681B680C337A6B08
:1066F000FA62BB62B96AFA6A41E800237B627B6A8C
:10670000002BE5D17B681B685B6903F08003802B5D
:106710003CD17B681B681433FB60FB6853E8003F87
:10672000BB60BB6823F080033B637B681B6814334A
:106730003A6BBA617B617969BA6941E800233B61D0
:106740003B69002BE5D17B689B6B002B13D07B68EA
:106750009B6B164A1A657B689B6B1846FBF779FAA8
:106760000346002B1CD07B689B6B1B6D7A68926B79
:106770001046984714E07B680022DA847B68202268
:1067800083F84120786800F0ABFB09E07B680022C9
:10679000DA847B68202283F84120786800F0A0FB2F
:1067A000002318463837BD4680BD00BFD5780008A5
:1067B00080B59AB000AF78607B681B680C33BB640F
:1067C000BB6C53E8003F7B647B6C23F490737B6667
:1067D0007B681B680C337A6E7A653B65396D7A6D20
:1067E00041E80023FB64FB6C002BE5D17B681B6850
:1067F00014337B637B6B53E8003F3B633B6B23F0BD
:1068000001033B667B681B6814333A6E3A64FB6392
:10681000F96B3A6C41E80023BB63BB6B002BE5D1FD
:106820007B681B6B012B19D17B681B680C333B62A7
:106830003B6A53E8003FFB61FB6923F01003FB65F3
:106840007B681B680C33FA6DFA62BB62B96AFA6A3C
:1068500041E800237B627B6A002BE5D17B681B68E3
:106860005B6903F04003402B3FD17B681B68143306
:10687000FB60FB6853E8003FBB60BB6823F040034C
:10688000BB657B681B681433BA6DBA617B6179693B
:10689000BA6941E800233B613B69002BE5D17B6885
:1068A000DB6B002B13D07B68DB6B194A1A657B68A6
:1068B000DB6B1846FBF7CDF90346002B22D07B6833
:1068C000DB6B1B6D7A68D26B104698471AE07B68C9
:1068D0000022DA857B68202283F842207B68002230
:1068E0001A63786800F006FB0CE07B680022DA850A
:1068F0007B68202283F842207B6800221A63786834
:1069000000F0F8FA002318466837BD4680BD00BF86
:10691000FF78000880B5BAB000AF78607B681B686C
:106920001B68C7F8E4307B681B68DB68C7F8E03099
:106930007B681B685B69C7F8DC300023C7F8D83078
:106940000023C7F8D430D7F8E43003F00F03C7F8BA
:10695000D830D7F8D830002B0FD1D7F8E43003F077
:106960002003002B09D0D7F8E03003F02003002BE0
:1069700003D0786801F043F873E2D7F8D830002BE1
:1069800000F0DE80D7F8DC3003F00103002B06D1E5
:10699000D7F8E03003F49073002B00F0D180D7F8E3
:1069A000E43003F00103002B0BD0D7F8E03003F400
:1069B0008073002B05D07B685B6C43F001027B6821
:1069C0005A64D7F8E43003F00403002B0BD0D7F857
:1069D000DC3003F00103002B05D07B685B6C43F0D7
:1069E00002027B685A64D7F8E43003F00203002BFC
:1069F0000BD0D7F8DC3003F00103002B05D07B6807
:106A00005B6C43F004027B685A64D7F8E43003F00F
:106A10000803002B11D0D7F8E03003F02003002B3F
:106A200005D1D7F8DC3003F00103002B05D07B68DB
:106A30005B6C43F008027B685A647B685B6C002BDC
:106A400000F00A82D7F8E43003F02003002B08D0CE
:106A5000D7F8E03003F02003002B02D0786800F074
:106A6000CEFF7B681B685B6903F04003402B0CBFC3
:106A700001230023DBB2C7F8D4307B685B6C03F0E2
:106A80000803002B03D1D7F8D430002B4FD07868FF
:106A900000F04CFE7B681B685B6903F04003402BF1
:106AA00041D17B681B681433C7F89C30D7F89C3001
:106AB00053E8003FC7F89830D7F8983023F04003E8
:106AC000C7F8D0307B681B681433D7F8D020C7F8DC
:106AD000A820C7F8A430D7F8A410D7F8A82041E818
:106AE0000023C7F8A030D7F8A030002BD9D17B689D
:106AF000DB6B002B13D07B68DB6B8A4A1A657B68E3
:106B0000DB6B1846FBF7A5F80346002B16D07B6815
:106B1000DB6B1B6D7A68D26B104698470EE0786885
:106B200000F0CAF90AE0786800F0C6F906E0786873
:106B300000F0C2F97B6800225A648DE100BF8BE14E
:106B40007B681B6B012B40F06781D7F8E43003F0C2
:106B50001003002B00F06081D7F8E03003F0100341
:106B6000002B00F059810023BB607B681B681B6809
:106B7000BB607B681B685B68BB60BB687B681B682D
:106B80005B6903F04003402B40F0CE807B68DB6BF9
:106B90001B685B68A7F8BE30B7F8BE30002B00F06A
:106BA000A9807B689B8DB7F8BE209A4280F0A280B6
:106BB0007B68B7F8BE20DA857B68DB6BDB69B3F5F1
:106BC000807F00F088807B681B680C33C7F88830B2
:106BD000D7F8883053E8003FC7F88430D7F88430BE
:106BE00023F48073C7F8B8307B681B680C33D7F880
:106BF000B820C7F89420C7F89030D7F89010D7F88D
:106C0000942041E80023C7F88C30D7F88C30002B53
:106C1000D9D17B681B6814337B677B6F53E8003FD7
:106C20003B673B6F23F00103C7F8B4307B681B68F8
:106C30001433D7F8B420C7F88020FB67F96FD7F872
:106C4000802041E80023BB67BB6F002BE1D17B684C
:106C50001B6814333B663B6E53E8003FFB65FB6DDE
:106C600023F04003C7F8B0307B681B681433D7F8B3
:106C7000B020FA66BB66B96EFA6E41E800237B6607
:106C80007B6E002BE3D17B68202283F842207B6857
:106C900000221A637B681B680C33FB64FB6C53E8AF
:106CA000003FBB64BB6C23F01003C7F8AC307B68BB
:106CB0001B680C33D7F8AC20BA657B65796DBA6D6B
:106CC00041E800233B653B6D002BE3D17B68DB6B28
:106CD0001846FAF74EFF7B6802225A637B689A8D4A
:106CE0007B68DB8D9BB2D31A9BB21946786800F0A3
:106CF0000BF9B3E07B689B8DB7F8BE209A4240F059
:106D0000AD807B68DB6BDB69B3F5807F40F0A680EC
:106D10007B6802225A637B689B8D1946786800F075
:106D2000F3F89BE0F37700087B689A8D7B68DB8D36
:106D30009BB2D31AA7F8CE307B68DB8D9BB2002BB9
:106D400000F08E80B7F8CE30002B00F089807B6891
:106D50001B680C33BB63BB6B53E8003F7B637B6BEF
:106D600023F49073C7F8C8307B681B680C33D7F8DE
:106D7000C8207A643B64396C7A6C41E80023FB6379
:106D8000FB6B002BE3D17B681B6814337B627B6A4F
:106D900053E8003F3B623B6A23F00103C7F8C4306D
:106DA0007B681B681433D7F8C4203A63FB62F96A26
:106DB0003A6B41E80023BB62BB6A002BE3D17B68DE
:106DC000202283F842207B6800221A637B681B68BC
:106DD0000C333B613B6953E8003FFB60FB6823F0E9
:106DE0001003C7F8C0307B681B680C33D7F8C0208D
:106DF000FA61BB61B969FA6941E800237B617B698B
:106E0000002BE3D17B6802225A63B7F8CE301946D3
:106E1000786800F079F823E0D7F8E43003F08003D5
:106E2000002B09D0D7F8E03003F08003002B03D00B
:106E3000786800F07CFD14E0D7F8E43003F04003FC
:106E4000002B0ED0D7F8E03003F04003002B08D021
:106E5000786800F0BCFD04E000BF02E000BF00E085
:106E600000BFE837BD4680BD80B483B000AF786016
:106E700000BF0C37BD465DF8047B704780B483B01B
:106E800000AF786000BF0C37BD465DF8047B7047EB
:106E900080B483B000AF786000BF0C37BD465DF8AA
:106EA000047B704780B483B000AF786000BF0C37BC
:106EB000BD465DF8047B704780B483B000AF786056
:106EC00000BF0C37BD465DF8047B704780B483B0CB
:106ED00000AF786000BF0C37BD465DF8047B70479B
:106EE00080B483B000AF786000BF0C37BD465DF85A
:106EF000047B704780B483B000AF786000BF0C376C
:106F0000BD465DF8047B704780B483B000AF786005
:106F10000B467B8000BF0C37BD465DF8047B704795
:106F200080B489B000AF78607B6893F84030012B63
:106F300001D102232AE07B68012283F840207B688C
:106F4000242283F841207B681B680C33FB60FB68BC
:106F500053E8003FBB60BB6843F00103FB617B6803
:106F60001B680C33FA69BA617B617969BA6941E8D7
:106F700000233B613B69002BE5D17B68202283F82D
:106F800041207B68002283F84020002318462437E4
:106F9000BD465DF8047B704780B489B000AF78606F
:106FA0007B6893F84030012B01D102232DE07B68F0
:106FB000012283F840207B68242283F841207B68EB
:106FC0001B680C33FB60FB6853E8003FBB60BB6889
:106FD00043F00203FB617B681B680C33FA69BA61FA
:106FE0007B617969BA6941E800233B613B69002B09
:106FF000E5D17B68202283F841207B6800225A6318
:107000007B68002283F84020002318462437BD46C1
:107010005DF8047B704780B489B000AF78607B680E
:1070200093F84030012B01D102232DE07B6801222F
:1070300083F840207B68242283F841207B681B680A
:107040000C33FB60FB6853E8003FBB60BB6823F078
:107050000203FB617B681B680C33FA69BA617B61D0
:107060007969BA6941E800233B613B69002BE5D1AE
:107070007B68202283F841207B6800225A637B686A
:10708000002283F84020002318462437BD465DF8CF
:10709000047B704780B485B000AF78600023FB604C
:1070A0007B6893F84030012B01D1022320E07B68FC
:1070B000012283F840207B68242283F841207B68EA
:1070C0001B68DB68FB60FB6823F00C03FB60FB685C
:1070D00043F00803FB607B681B68FA68DA607B6832
:1070E000202283F841207B68002283F8402000237F
:1070F00018461437BD465DF8047B704780B485B0F0
:1071000000AF78600023FB607B6893F84030012B70
:1071100001D1022320E07B68012283F840207B68B4
:10712000242283F841207B681B68DB68FB60FB68D6
:1071300023F00C03FB60FB6843F00403FB607B68F7
:107140001B68FA68DA607B68202283F841207B683C
:10715000002283F84020002318461437BD465DF80E
:10716000047B704780B485B000AF78600023FB607B
:107170000023BB607B6893F84130DBB2FB607B6827
:1071800093F84230DBB2BB60FB68DAB2BB68DBB2BB
:107190001343DBB218461437BD465DF8047B7047D5
:1071A00080B483B000AF78607B685B6C18460C37A6
:1071B000BD465DF8047B704780B590B000AF786045
:1071C0007B689B6BFB637B681B681B6803F48073A5
:1071D000002B37D1FB6B0022DA84FB6B1B68143366
:1071E0007B627B6A53E8003F3B623B6A23F080038B
:1071F000BB63FB6B1B681433BA6B3A63FB62F96ABF
:107200003A6B41E80023BB62BB6A002BE5D1FB6B04
:107210001B680C333B613B6953E8003FFB60FB6834
:1072200043F040037B63FB6B1B680C337A6BFA61A2
:10723000BB61B969FA6941E800237B617B69002B76
:10724000E5D102E0F86BFFF70FFE00BF4037BD4607
:1072500080BD80B584B000AF78607B689B6BFB60BD
:10726000F868FFF70BFE00BF1037BD4680BD80B544
:107270009CB000AF78607B689B6BFB667B681B688B
:107280001B6803F48073002B72D1FB6E0022DA8539
:10729000FB6E1B680C33FB64FB6C53E8003FBB6464
:1072A000BB6C23F48073BB66FB6E1B680C33BA6E39
:1072B000BA657B65796DBA6D41E800233B653B6D2E
:1072C000002BE5D1FB6E1B681433BB63BB6B53E82B
:1072D000003F7B637B6B23F001037B66FB6E1B68C7
:1072E00014337A6E7A643B64396C7A6C41E800231B
:1072F000FB63FB6B002BE5D1FB6E1B6814337B62D9
:107300007B6A53E8003F3B623B6A23F040033B66E5
:10731000FB6E1B6814333A6E3A63FB62F96A3A6B90
:1073200041E80023BB62BB6A002BE5D1FB6E202243
:1073300083F84220FB6E1B6B012B19D1FB6E1B687F
:107340000C333B613B6953E8003FFB60FB6823F073
:107350001003FB65FB6E1B680C33FA6DFA61BB61B1
:10736000B969FA6941E800237B617B69002BE5D1AB
:10737000FB6E00225A63FB6E1B6B012B06D1FB6E6A
:107380009B8D1946F86EFFF7BFFD02E0F86EFFF720
:107390007FFD00BF7037BD4680BD80B584B000AFB3
:1073A00078607B689B6BFB60FB6801225A63FB681B
:1073B0001B6B012B08D1FB689B8D5B089BB21946A8
:1073C000F868FFF7A1FD02E0F868FFF76BFD00BF6A
:1073D0001037BD4680BD80B584B000AF7860002313
:1073E000FB607B689B6BBB60BB681B685B6903F0E1
:1073F0008003802B0CBF01230023DBB2FB60BB6842
:1074000093F84130DBB2212B08D1FB68002B05D06B
:10741000BB680022DA84B86800F060F9BB681B68BA
:107420005B6903F04003402B0CBF01230023DBB258
:10743000FB60BB6893F84230DBB2222B08D1FB68BB
:10744000002B05D0BB680022DA85B86800F06EF921
:10745000BB685B6C43F01002BB685A64B868FFF706
:107460002BFD00BF1037BD4680BD80B586B000AF94
:10747000F860B9603B601346FB713BE03B6AB3F1D7
:10748000FF3F37D0F9F756FC02463B68D31A3A6AF9
:107490009A4202D33B6A002B01D103233AE0FB68F6
:1074A0001B68DB6803F00403002B23D0BB68802B30
:1074B00020D0BB68402B1DD0FB681B681B6803F005
:1074C0000803082B16D100237B61FB681B681B682F
:1074D0007B61FB681B685B687B617B69F86800F017
:1074E00025F9FB6808225A64FB68002283F84020D3
:1074F00001230FE0FB681B681A68BB681340BA6879
:107500009A420CBF01230023DBB21A46FB799A4250
:10751000B4D0002318461837BD4680BD80B485B06E
:1075200000AFF860B9601346FB80FB68BA689A62E6
:10753000FB68FA889A85FB68FA88DA85FB6800227E
:107540005A64FB68222283F84220FB681B69002BE7
:1075500007D0FB681B68DA68FB681B6842F480721E
:10756000DA60FB681B685A69FB681B6842F001021D
:107570005A61FB681B68DA68FB681B6842F02002EE
:10758000DA60002318461437BD465DF8047B704767
:1075900080B598B000AFF860B9601346FB80BA6858
:1075A000FB689A62FB68FA889A85FB6800225A6435
:1075B000FB68222283F84220FB68DB6B444ADA63D3
:1075C000FB68DB6B434A1A64FB68DB6B424ADA6494
:1075D000FB68DB6B00221A6507F10803FB65FB689B
:1075E000D86BFB681B6804331946FB6D1A68FB886F
:1075F000FAF767FA0346002B08D0FB6810225A649A
:10760000FB68202283F8422001235DE000233B61D8
:10761000FB681B681B683B61FB681B685B683B6120
:107620003B69FB681B69002B19D0FB681B680C3396
:107630003B643B6C53E8003FFB63FB6B43F480739C
:10764000BB65FB681B680C33BA6DFA64BB64B96C2C
:10765000FA6C41E800237B647B6C002BE5D1FB686E
:107660001B681433FB62FB6A53E8003FBB62BB6AD2
:1076700043F001037B65FB681B6814337A6DBA63C2
:107680007B63796BBA6B41E800233B633B6B002B58
:10769000E5D1FB681B681433BB61BB6953E8003F4D
:1076A0007B617B6943F040033B65FB681B681433D7
:1076B0003A6D7A623B62396A7A6A41E80023FB617B
:1076C000FB69002BE5D1002318466037BD4680BD1D
:1076D0006F7200089B730008D773000880B489B0EC
:1076E00000AF78607B681B680C33FB60FB6853E875
:1076F000003FBB60BB6823F0C003FB617B681B6875
:107700000C33FA69BA617B617969BA6941E800238F
:107710003B613B69002BE5D17B68202283F8412047
:1077200000BF2437BD465DF8047B704780B495B038
:1077300000AF78607B681B680C337B637B6B53E81E
:10774000003F3B633B6B23F49073FB647B681B68D7
:107750000C33FA6C3A64FB63F96B3A6C41E8002332
:10776000BB63BB6B002BE5D17B681B6814333B62AA
:107770003B6A53E8003FFB61FB6923F00103BB64F4
:107780007B681B681433BA6CFA62BB62B96AFA6A26
:1077900041E800237B627B6A002BE5D17B681B6B91
:1077A000012B19D17B681B680C33FB60FB6853E825
:1077B000003FBB60BB6823F010037B647B681B68E1
:1077C0000C337A6CBA617B617969BA6941E800234C
:1077D0003B613B69002BE5D17B68202283F8422086
:1077E0007B6800221A6300BF5437BD465DF8047BF6
:1077F000704780B584B000AF78607B689B6BFB609E
:10780000FB680022DA85F868FFF756FB00BF1037E7
:10781000BD4680BD80B584B000AF78607B689B6B4F
:10782000FB60FB689B6B00221A65FB68DB6B002B1F
:1078300004D0FB68DB6B1B6D002B17D1FB680022AB
:10784000DA84FB680022DA85FB6800225A64FB6850
:10785000202283F84120FB68202283F84220FB6825
:1078600000221A63F868FFF731FB00E000BF103711
:10787000BD4680BD80B584B000AF78607B689B6BEF
:10788000FB60FB68DB6B00221A65FB689B6B002BBF
:1078900004D0FB689B6B1B6D002B17D1FB6800228B
:1078A000DA84FB680022DA85FB6800225A64FB68F0
:1078B000202283F84120FB68202283F84220FB68C5
:1078C00000221A63F868FFF701FB00E000BF1037E1
:1078D000BD4680BD80B584B000AF78607B689B6B8F
:1078E000FB60FB680022DA84FB68202283F84120D9
:1078F000F868FFF7F5FA00BF1037BD4680BD80B5C8
:1079000084B000AF78607B689B6BFB60FB680022F3
:10791000DA85FB68202283F84220FB6800221A6384
:10792000F868FFF7E7FA00BF1037BD4680BD80B4A6
:1079300085B000AF78607B6893F84130DBB2212BD3
:107940003ED17B689B68B3F5805F14D17B681B696F
:10795000002B10D17B681B6AFB60FB681B881A46F2
:107960007B681B68C2F308025A607B681B6A9A1C1A
:107970007B681A6208E07B681B6A591C7A6811628E
:107980001A787B681B685A607B68DB8C9BB2013B72
:107990009BB27A681946D184002B0FD17B681B6893
:1079A000DA687B681B6822F08002DA607B681B68FB
:1079B000DA687B681B6842F04002DA60002300E06E
:1079C000022318461437BD465DF8047B704780B526
:1079D00082B000AF78607B681B68DA687B681B68E0
:1079E00022F04002DA607B68202283F84120786828
:1079F000FFF73AFA002318460837BD4680BD80B528
:107A00008CB000AF78600023FB620023BB627B6810
:107A100093F84230DBB2222B40F0AA807B689B684F
:107A2000B3F5805F15D17B681B69002B11D17B6892
:107A30009B6ABB627B681B685B689BB2C3F30803ED
:107A40009AB2BB6A1A807B689B6A9A1C7B689A62AE
:107A500024E07B689B6AFB627B689B68B3F5805F70
:107A600007D07B689B68002B0AD17B681B69002BC1
:107A700006D17B681B685B68DAB2FB6A1A7008E0A3
:107A80007B681B685B68DBB203F07F03DAB2FB6ADA
:107A90001A707B689B6A5A1C7B689A627B68DB8DD4
:107AA0009BB2013B9BB27A681946D185002B5DD110
:107AB0007B681B68DA687B681B6822F02002DA604A
:107AC0007B681B68DA687B681B6822F48072DA6066
:107AD0007B681B685A697B681B6822F001025A6147
:107AE0007B68202283F842207B6800225A637B68EF
:107AF0001B6B012B35D17B6800221A637B681B68E6
:107B00000C337B617B6953E8003F3B613B6923F0A9
:107B100010037B627B681B680C337A6A3A62FB61F4
:107B2000F9693A6A41E80023BB61BB69002BE5D1E2
:107B30007B681B681B6803F01003102B0AD100231D
:107B4000FB607B681B681B68FB607B681B685B686D
:107B5000FB60FB687B689B8D19467868FFF7D4F95A
:107B600002E07868FFF794F9002302E0002300E0C8
:107B7000022318463037BD4680BD2DE9B04FC0B056
:107B800000AFC7F8F400D7F8F4301B681B6923F482
:107B90004050D7F8F430D968D7F8F4301A6840EA82
:107BA00001031361D7F8F4309A68D7F8F4301B69F1
:107BB0001A43D7F8F4305B691A43D7F8F430DB691D
:107BC0001343C7F8F830D7F8F4301B68DB6823F4A8
:107BD000164121F00C01D7F8F4301A68D7F8F830C4
:107BE0000B43D360D7F8F4301B685B6923F4407013
:107BF000D7F8F4309969D7F8F4301A6840EA0103ED
:107C00005361D7F8F4301A688E4B9A4205D0D7F8F2
:107C1000F4301A688C4B9A4204D1FBF78FFCC7F8FA
:107C2000FC0003E0FBF776FCC7F8FC00D7F8F43063
:107C3000DB69B3F5004F40F00B81D7F8FC30002230
:107C4000C7F8E830C7F8EC20D7E93A4522462B467A
:107C50009118B9655B41FB65D7E91623214612EB04
:107C60000108294643EB01094FF000024FF00003E1
:107C70004FEAC90343EA58734FEAC802904699464F
:107C8000234618EB0303C7F8E0302B4649EB030308
:107C9000C7F8E430D7F8F4305B680022C7F8D83072
:107CA000C7F8DC20D7E936120B46DB183B651346D4
:107CB00042EB03037B65D7E91423D7E9380100F0D1
:107CC00037FA02460B46614BA3FB02235B091C01FA
:107CD000D7F8FC300022C7F8D030C7F8D420D7E955
:107CE000348942464B469118B9645B41FB64D7E93D
:107CF0001223414612EB010A494643EB010B4FF0B8
:107D000000024FF000034FEACB0343EA5A734FEAF5
:107D1000CA0292469B4643461AEB0303C7F8C83093
:107D20004B464BEB0303C7F8CC30D7F8F4305B6815
:107D30000022C7F8C030C7F8C420D7E930120B467C
:107D4000DB183B64134642EB03037B64D7E9102343
:107D5000D7E9320100F0ECF902460B4611463B4BE5
:107D6000A3FB01235B09642202FB03F3CB1ADB00B4
:107D700003F13202354BA3FB02235B095B0003F4E2
:107D8000F8731C44D7F8FC300022C7F8B830C7F8A5
:107D9000BC20D7E92E8942464B469118B9635B4116
:107DA000FB63D7E90E2341465118396349464B41DD
:107DB0007B634FF000024FF00003D7E90CAB59464C
:107DC000CB00514643EA51735146CA00104619464A
:107DD000034642469B18C7F8B0304B460A4642EB72
:107DE0000303C7F8B430D7F8F4305B680022C7F853
:107DF000A830C7F8AC20D7E92A120B46DB18BB62C3
:107E0000134642EB0303FB62D7E90A23D7E92C01AF
:107E100000F08EF902460B460C4BA3FB02135B09E4
:107E2000642101FB03F3D31ADB003233074AA2FBC0
:107E300003235B0903F00702D7F8F4301B682244E0
:107E40009A6004E100100140001401401F85EB51CD
:107E5000D7F8FC300022C7F8A030C7F8A420D7E933
:107E6000288942464B46911839625B417B62D7E9CB
:107E7000082341465418494643EB01054FF00002E0
:107E80004FF00003EB0043EA5473E20014461D4632
:107E90004346E318C7F898304B4645EB0303C7F851
:107EA0009C30D7F8F4305B680022C7F89030C7F8F0
:107EB00094204FF000024FF00003D7E924452946F3
:107EC0008B00214643EA917321468A00D7E92601B7
:107ED00000F02EF902460B46604BA3FB02235B0920
:107EE0001C01D7F8FC300022C7F88830C7F88C2076
:107EF000D7E9228942464B469118B9615B41FB6143
:107F0000D7E9062341465118396149464B417B6107
:107F10004FF000024FF00003D7E904AB5946CB0005
:107F2000514643EA51735146CA001046194603466A
:107F300042469B18C7F880304B460A4642EB030383
:107F4000C7F88430D7F8F4305B680022BB67FA6763
:107F50004FF000024FF00003D7E91E8949468B001D
:107F6000414643EA917341468A00D7E9200100F077
:107F7000DFF802460B46394BA3FB02135B09642171
:107F800001FB03F3D31A1B013233344AA2FB032350
:107F90005B0903F0F0031C44D7F8FC3000223B6778
:107FA0007A67D7E91C8942464B469118B9605B4114
:107FB000FB60D7E9022341465118396049464B41DD
:107FC0007B604FF000024FF00003D7E900AB594649
:107FD000CB00514643EA51735146CA001046194638
:107FE000034642469B18BB664B460A4642EB0303D8
:107FF000FB66D7F8F4305B6800223B667A664FF088
:1080000000024FF00003D7E9188949468B0041462A
:1080100043EA917341468A00D7E91A0100F088F8D3
:1080200002460B460D4BA3FB02135B09642101FBC7
:1080300003F3D31A1B013233084AA2FB03235B0963
:1080400003F00F02D7F8F4301B6822449A6000BF97
:1080500007F58077BD46BDE8B08F00BF1F85EB51A7
:1080600080B582B000AF78607B68002B01D101231E
:1080700016E07868F8F7A8FB7B68DA687B681B680D
:1080800042F080021A607B681A697B685B6842EA8A
:1080900003017B689A687B681B680A435A60002367
:1080A00018460837BD4680BD80B483B000AF786005
:1080B00000BF0C37BD465DF8047B704780B483B0C9
:1080C00000AF78607B681B687A68D2681A6000230A
:1080D00018460C37BD465DF8047B704780B582B00A
:1080E00000AF78607B681B685B6803F40073B3F5CE
:1080F000007F0ED17B681B689B6803F00103012B96
:1081000007D17B681B686FF001029A60786800F005
:1081100004F800BF0837BD4680BD80B483B000AF0F
:10812000786000BF0C37BD465DF8047B70470000E7
:1081300053B94AB9002908BF00281CBF4FF0FF31CE
:108140004FF0FF3000F074B9ADF1080C6DE904CECA
:1081500000F006F8DDF804E0DDE9022304B0704722
:108160002DE9F047089D04468E46002B4DD18A42EA
:10817000944669D9B2FA82F252B101FA02F3C2F11D
:10818000200120FA01F10CFA02FC41EA030E9440AE
:108190004FEA1C48210CBEFBF8F61FFA8CF708FBCF
:1081A00016E341EA034306FB07F199420AD91CEBA7
:1081B000030306F1FF3080F01F81994240F21C81D9
:1081C000023E63445B1AA4B2B3FBF8F008FB103321
:1081D00044EA034400FB07F7A7420AD91CEB040456
:1081E00000F1FF3380F00A81A74240F20781644426
:1081F000023840EA0640E41B00261DB1D4400023AB
:10820000C5E900433146BDE8F0878B4209D9002D0E
:1082100000F0EF800026C5E9000130463146BDE898
:10822000F087B3FA83F6002E4AD18B4202D3824202
:1082300000F2F980841A61EB030301209E46002DB1
:10824000E0D0C5E9004EDDE702B9FFDEB2FA82F206
:10825000002A40F09280A1EB0C014FEA1C471FFA64
:108260008CFE0126200CB1FBF7F307FB131140EA4B
:1082700001410EFB03F0884208D91CEB010103F118
:10828000FF3802D2884200F2CB804346091AA4B2DA
:10829000B1FBF7F007FB101144EA01440EFB00FEAE
:1082A000A64508D91CEB040400F1FF3102D2A64513
:1082B00000F2BB800846A4EB0E0440EA03409CE7B2
:1082C000C6F12007B34022FA07FC4CEA030C20FA5F
:1082D00007F401FA06F31C43F9404FEA1C4900FA7F
:1082E00006F3B1FBF9F8200C1FFA8CFE09FB1811FC
:1082F00040EA014108FB0EF0884202FA06F20BD96F
:108300001CEB010108F1FF3A80F08880884240F2BE
:108310008580A8F102086144091AA4B2B1FBF9F002
:1083200009FB101144EA014100FB0EFE8E4508D9FD
:108330001CEB010100F1FF346CD28E456AD9023882
:10834000614440EA0840A0FB0294A1EB0E01A14267
:10835000C846A64656D353D05DB1B3EB080261EBD5
:108360000E0101FA07F722FA06F3F1401F43C5E9AF
:10837000007100263146BDE8F087C2F12003D840E5
:108380000CFA02FC21FA03F3914001434FEA1C4727
:108390001FFA8CFEB3FBF7F007FB10360B0C43EA19
:1083A000064300FB0EF69E4204FA02F408D91CEBC9
:1083B000030300F1FF382FD29E422DD902386344C7
:1083C0009B1B89B2B3FBF7F607FB163341EA034167
:1083D00006FB0EF38B4208D91CEB010106F1FF38B6
:1083E00016D28B4214D9023E6144C91A46EA0046AD
:1083F00038E72E46284605E70646E3E61846F8E63F
:108400004B45A9D2B9EB020864EB0C0E0138A3E787
:108410004646EAE7204694E74046D1E7D0467BE768
:10842000023B614432E7304609E76444023842E7E0
:10843000704700BF000000000000000000000000C6
:1084400090F800F06DE9024520F007016FF0000C94
:1084500010F0070491F820F040F049804FF000043C
:108460006FF00700D1E9002391F840F000F1080017
:1084700082FA4CF2A4FA8CF283FA4CF3A2FA8CF34F
:108480004BBBD1E9022382FA4CF200F10800A4FAB6
:108490008CF283FA4CF3A2FA8CF3E3B9D1E904230A
:1084A00082FA4CF200F10800A4FA8CF283FA4CF341
:1084B000A2FA8CF37BB9D1E9062301F1200182FAFB
:1084C0004CF200F10800A4FA8CF283FA4CF3A2FA01
:1084D0008CF3002BC6D0002A04BF04301A4612BA0F
:1084E000B2FA82F2FDE8024500EBD2007047D1E912
:1084F000002304F00305C4F100004FEAC50514F0A1
:10850000040F91F840F00CFA05F562EA05021CBF71
:1085100063EA050362464FF00004A9E7000000008B
:1085200001F0FF01102A2BDB10F0070F08D010F824
:10853000013B013A8B422DD010F0070F42B3F6D128
:10854000F0B441EA012141EA014122F007047FF041
:1085500000070023F0E80256083C85EA010586EA98
:10856000010685FA47F5A3FA87F586FA47F6A5FAD4
:1085700087F68EB9EED1F0BC01F0FF0102F00702E0
:1085800032B110F8013B013A83EA010313B1F8D18B
:108590000020704701387047002D06BF354603386C
:1085A000073815F0010F07D1013015F4807F02BFA5
:1085B000013015F4C03F0130F0BC0138704700BFF6
:1085C000844641EA000313F003036DD1403A41D3DE
:1085D00051F8043B40F8043B51F8043B40F8043B9D
:1085E00051F8043B40F8043B51F8043B40F8043B8D
:1085F00051F8043B40F8043B51F8043B40F8043B7D
:1086000051F8043B40F8043B51F8043B40F8043B6C
:1086100051F8043B40F8043B51F8043B40F8043B5C
:1086200051F8043B40F8043B51F8043B40F8043B4C
:1086300051F8043B40F8043B51F8043B40F8043B3C
:1086400051F8043B40F8043B51F8043B40F8043B2C
:10865000403ABDD2303211D351F8043B40F8043BCC
:1086600051F8043B40F8043B51F8043B40F8043B0C
:1086700051F8043B40F8043B103AEDD20C3205D3DC
:1086800051F8043B40F8043B043AF9D2043208D0D4
:10869000D2071CBF11F8013B00F8013B01D30B8846
:1086A00003806046704700BF082A13D38B078DD024
:1086B00010F003038AD0C3F10403D21ADB071CBFF6
:1086C00011F8013B00F8013B80D331F8023B20F860
:1086D000023B7BE7043AD9D3013A11F8013B00F899
:1086E000013BF9D20B7803704B7843708B78837021
:1086F0006046704781F0004102E000BF83F0004314
:1087000030B54FEA41044FEA430594EA050F08BF2C
:1087100090EA020F1FBF54EA000C55EA020C7FEAF0
:10872000645C7FEA655C00F0E2804FEA5454D4EB6D
:108730005555B8BF6D420CDD2C4480EA020281EA37
:10874000030382EA000083EA010180EA020281EA6F
:108750000303362D88BF30BD11F0004F4FEA0131C1
:108760004FF4801C4CEA113102D0404261EB4101D0
:1087700013F0004F4FEA03334CEA133302D0524256
:1087800063EB430394EA050F00F0A780A4F1010412
:10879000D5F1200E0DDB02FA0EFC22FA05F280184C
:1087A00041F1000103FA0EF2801843FA05F3594132
:1087B0000EE0A5F120050EF1200E012A03FA0EFCB1
:1087C00028BF4CF0020C43FA05F3C01851EBE371DB
:1087D00001F0004507D54FF0000EDCF1000C7EEBF8
:1087E00000006EEB0101B1F5801F1BD3B1F5001F36
:1087F0000CD349085FEA30004FEA3C0C04F1010455
:108800004FEA445212F5800F80F09A80BCF1004F7D
:1088100008BF5FEA500C50F1000041EB045141EAFF
:10882000050130BD5FEA4C0C404141EB0101013CC8
:1088300028BFB1F5801FE9D291F0000F04BF0146B7
:108840000020B1FA81F308BF2033A3F10B03B3F189
:1088500020020CDA0C3208DD02F1140CC2F10C0219
:1088600001FA0CF021FA02F10CE002F11402D8BF77
:10887000C2F1200C01FA02F120FA0CFCDCBF41EA43
:108880000C019040E41AA2BF01EB0451294330BD12
:108890006FEA04041F3C1CDA0C340EDC04F11404EF
:1088A000C4F1200220FA04F001FA02F340EA0300C6
:1088B00021FA04F345EA030130BDC4F10C04C4F10C
:1088C000200220FA02F001FA04F340EA03002946EC
:1088D00030BD21FA04F0294630BD94F0000F83F436
:1088E000801306BF81F480110134013D4EE77FEA19
:1088F000645C18BF7FEA655C29D094EA050F08BF65
:1089000090EA020F05D054EA000C04BF1946104645
:1089100030BD91EA030F1EBF0021002030BD5FEA89
:10892000545C05D14000494128BF41F0004130BDB1
:1089300014F580043CBF01F5801130BD01F0004505
:1089400045F0FE4141F470014FF0000030BD7FEA78
:10895000645C1ABF194610467FEA655C1CBF0B4673
:10896000024650EA013406BF52EA033591EA030F8A
:1089700041F4002130BD00BF90F0000F04BF002182
:10898000704730B54FF4806404F132044FF00005B5
:108990004FF0000150E700BF90F0000F04BF00212E
:1089A000704730B54FF4806404F1320410F0004594
:1089B00048BF40424FF000013EE700BF42004FEA8F
:1089C000E2014FEA31014FEA02701FBF12F07F430C
:1089D00093F07F4F81F06051704732F07F4208BFC3
:1089E000704793F07F4F04BF41F40021704730B5CA
:1089F0004FF4607401F0004521F000411CE700BF16
:108A000050EA010208BF704730B54FF000050AE098
:108A100050EA010208BF704730B511F0004502D599
:108A2000404261EB41014FF4806404F132045FEA9B
:108A3000915C3FF4D8AE4FF003025FEADC0C18BF44
:108A400003325FEADC0C18BF033202EBDC02C2F136
:108A5000200300FA03FC20FA02F001FA03FE40EAC8
:108A60000E0021FA02F11444BDE600BF70B54FF0CC
:108A7000FF0C4CF4E06C1CEA11541DBF1CEA1355AA
:108A800094EA0C0F95EA0C0F00F0DEF82C4481EA12
:108A9000030621EA4C5123EA4C5350EA013518BF32
:108AA00052EA033541F4801143F4801338D0A0FB1F
:108AB00002CE4FF00005E1FB02E506F00042E0FBCC
:108AC00003E54FF00006E1FB03569CF0000F18BFD2
:108AD0004EF0010EA4F1FF04B6F5007F64F540747A
:108AE00004D25FEA4E0E6D4146EB060642EAC6210D
:108AF00041EA55514FEAC52040EA5E504FEACE2E7A
:108B0000B4F1FD0C88BFBCF5E06F1ED8BEF1004F7C
:108B100008BF5FEA500E50F1000041EB045170BDF8
:108B200006F0004646EA010140EA020081EA03013C
:108B3000B4EB5C04C2BFD4EB0C0541EA045170BD38
:108B400041F480114FF0000E013C00F3AB8014F1B2
:108B5000360FDEBF002001F0004170BDC4F10004FB
:108B6000203C35DA0C341BDC04F11404C4F120057C
:108B700000FA05F320FA04F001FA05F240EA0200D7
:108B800001F0004221F0004110EBD37021FA04F60D
:108B900042EB06015EEA430E08BF20EAD37070BDC7
:108BA000C4F10C04C4F1200500FA04F320FA05F026
:108BB00001FA04F240EA020001F0004110EBD37028
:108BC00041F100015EEA430E08BF20EAD37070BD98
:108BD000C4F1200500FA05F24EEA020E20FA04F371
:108BE00001FA05F243EA020321FA04F001F0004120
:108BF00021FA04F220EA020000EBD3705EEA430E91
:108C000008BF20EAD37070BD94F0000F0FD101F0BF
:108C10000046400041EB010111F4801F08BF013CF8
:108C2000F7D041EA060195F0000F18BF704703F036
:108C30000046520043EB030313F4801F08BF013DBD
:108C4000F7D043EA0603704794EA0C0F0CEA135579
:108C500018BF95EA0C0F0CD050EA410618BF52EA33
:108C60004306D1D181EA030101F000414FF0000039
:108C700070BD50EA410606BF1046194652EA430647
:108C800019D094EA0C0F02D150EA013613D195EABB
:108C90000C0F05D152EA03361CBF104619460AD103
:108CA00081EA030101F0004141F0FE4141F470010D
:108CB0004FF0000070BD41F0FE4141F4780170BDFD
:108CC00070B54FF0FF0C4CF4E06C1CEA11541DBF62
:108CD0001CEA135594EA0C0F95EA0C0F00F0A7F864
:108CE000A4EB050481EA030E52EA03354FEA013191
:108CF00000F088804FEA03334FF0805545EA1313A4
:108D000043EA12634FEA022245EA111545EA10656B
:108D10004FEA00260EF000419D4208BF964244F102
:108D2000FD0404F5407402D25B084FEA3202B61A21
:108D300065EB03055B084FEA32024FF480104FF4F5
:108D4000002CB6EB020E75EB030E22BFB61A754669
:108D500040EA0C005B084FEA3202B6EB020E75EBFC
:108D6000030E22BFB61A754640EA5C005B084FEA64
:108D70003202B6EB020E75EB030E22BFB61A754631
:108D800040EA9C005B084FEA3202B6EB020E75EB3C
:108D9000030E22BFB61A754640EADC0055EA060EFD
:108DA00018D04FEA051545EA16754FEA06164FEA40
:108DB000C30343EA52734FEAC2025FEA1C1CC0D1EC
:108DC00011F4801F0BD141EA00014FF000004FF079
:108DD000004CB6E711F4801F04BF01430020B4F13A
:108DE000FD0C88BFBCF5E06F3FF6AFAEB5EB030CF2
:108DF00004BFB6EB020C5FEA500C50F1000041EBEF
:108E0000045170BD0EF0004E4EEA113114EB5C04BB
:108E1000C2BFD4EB0C0541EA045170BD41F480118E
:108E20004FF0000E013C90E645EA060E8DE60CEA96
:108E3000135594EA0C0F08BF95EA0C0F3FF43BAFB3
:108E400094EA0C0F0AD150EA01347FF434AF95EA6A
:108E50000C0F7FF425AF104619462CE795EA0C0F4E
:108E600006D152EA03353FF4FDAE1046194622E71B
:108E700050EA410618BF52EA43067FF4C5AE50EAF5
:108E800041047FF40DAF52EA43057FF4EBAE12E7E5
:108E90004FF0FF3C06E000BF4FF0010C02E000BFC6
:108EA0004FF0010C4DF804CD4FEA410C7FEA6C5CA9
:108EB0004FEA430C18BF7FEA6C5C1BD001B050EA4C
:108EC000410C0CBF52EA430C91EA030F02BF90EA37
:108ED000020F0020704710F1000F91EA030F58BFF6
:108EE000994208BF90422CBFD8176FEAE37040F058
:108EF000010070474FEA410C7FEA6C5C02D150EAF6
:108F0000013C07D14FEA430C7FEA6C5CD6D152EAB0
:108F1000033CD3D05DF8040B704700BF8446104675
:108F200062468C461946634600E000BF01B5FFF774
:108F3000B7FF002848BF10F1000F01BD4DF808ED44
:108F4000FFF7F4FF0CBF012000205DF808FB00BF15
:108F50004DF808EDFFF7EAFF34BF012000205DF86F
:108F600008FB00BF4DF808EDFFF7E0FF94BF0120BC
:108F700000205DF808FB00BF4DF808EDFFF7CEFFBD
:108F800094BF012000205DF808FB00BF4DF808EDFC
:108F9000FFF7C4FF34BF012000205DF808FB00BFCD
:108FA0004FEA410C7FEA6C5C02D150EA013C0AD1E5
:108FB0004FEA430C7FEA6C5C02D152EA033C02D1D7
:108FC0004FF0000070474FF0010070474FEA410238
:108FD00012F5001215D211D56FF47873B3EB62520B
:108FE00012D94FEAC12343F0004343EA505311F032
:108FF000004F23FA02F018BF404270474FF00000C4
:10900000704750EA013005D111F0004008BF6FF001
:10901000004070474FF00000704700BFDFF834D0C9
:10902000F7F75EFD0C480D490D4A002302E0D458C5
:10903000C4500433C4188C42F9D30A4A0A4C0023A2
:1090400001E013600432A242FBD300F017F8F7F7F7
:10905000D7F870470000022000000020B40900206B
:10906000A0F50008B4090020800A0020FEE70000F7
:10907000014B1868704700BF0C00002070B50D4E02
:109080000D4D761BB61006D0002455F8043B013474
:109090009847A642F9D1094E094D761B06F02CF8E7
:1090A000B61006D0002455F8043B01349847A64278
:1090B000F9D170BD000000000000000000000000B9
:1090C00000000000830730B548D0541E002A3FD06E
:1090D000CAB2034601E0013C3AD303F8012B9D07D5
:1090E000F9D1032C2DD9CDB245EA05250F2C45EA3F
:1090F000054536D9A4F1100222F00F0C03F1200E21
:10910000E6444FEA121C03F1100242E9045542E919
:10911000025510327245F8D10CF1010214F00C0F17
:1091200003EB021204F00F0C13D0ACF1040323F094
:1091300003030433134442F8045B9342FBD10CF065
:1091400003042CB1CAB21C4403F8012B9C42FBD18E
:1091500030BD64461346002CF4D1F9E703461446AB
:10916000BFE71A46A446E0E70FB400B5074983B04D
:1091700004AB086853F8042B8168019300F060F891
:1091800003B05DF804EB04B0704700BF0C00002092
:1091900070B5054688B008460C46FFF751F9224ED7
:1091A000AA6B059001214318CDE9066104A80221AC
:1091B00004940393AC680190029122B3636E13F0A0
:1091C000010FB4F90C309AB201D1980525D591045C
:1091D00006D4626E43F4005322F40052A381626607
:1091E000284601AA214603F085F9636E002814BFC2
:1091F0004FF0FF350A25DA0702D4A3899B0506D56F
:10920000284608B070BD284602F08CFFD6E7A06D56
:1092100003F016FB284608B070BDA06D03F00EFBEE
:10922000B4F90C309AB2D2E79CF10008024B014627
:109230001868FFF7ADBF00BF0C0000200000000061
:109240002DE9F04F2DED0A8BCFB01C460AEE101A17
:1092500091460AEE900A054603F0E8FA0368139374
:1092600018460994FFF7ECF812901DB1AB6B002B78
:1092700000F048821AEE102A536EDB0740F1478156
:10928000B2F90C309AB2960409D41AEE101A43F4CB
:1092900000538B819AB24B6E23F400534B66150733
:1092A00040F1CC801AEE103A1B69002B00F0C6800A
:1092B00002F01A030A2B00F0D2804D469FED9C7BF2
:1092C0002B78002425AACDE92344CDE91544CDE926
:1092D00017448DED107B1AEE909A0E9422929046D0
:1092E00014940694002B00F0B081AB4604E01BF808
:1092F000013F002B00F0CD80252BF8D1BBEB0506FC
:1093000040F0CB809BF80030002B00F09E810023C2
:109310004FF0FF329BF801708DF86B3005930BF125
:10932000010B04929A462B2420210BF1010BA7F18B
:1093300020035A2B00F20081DFE813F00A03FE003D
:10934000FE000503FE00FE00FE006A00FE00FE00B7
:1093500076029E02FE008102A802FE00A3025B00CC
:109360005B005B005B005B005B005B005B005B0025
:10937000FE00FE00FE00FE00FE00FE00FE008E016C
:10938000FE001602ED018E018E018E01FE00FE0030
:10939000FE00FE000003FE00FE004502FE00FE008F
:1093A000FE002002FE00C202FE00FE009907FE0041
:1093B000FE00FE00FE00FE00FE00FE00FE008E012C
:1093C000FE001602EF018E018E018E01E602EF0112
:1093D000E801FE00F302FE0086024702D402E80123
:1093E000FE0020027D007507FE00FE007907FE00EA
:1093F0007D00A7F1300300221BF8017B02EB820203
:1094000003EB4202A7F13003092BF5D905928EE751
:10941000484603F00BFA436817931846FFF710F815
:1094200018900646484603F001FA836815932021F8
:10943000002E40F0E9869BF8007076E71AEE101ACD
:109440001AEE900A1AEE105A01F002FD002841F0BF
:109450002783AA8902F01A030A2B7FF42EAF1AEE93
:10946000101AB1F90E30002BFFF627AF4B6ED9075B
:1094700002D4920541F15A811AEE101A1AEE900A9E
:1094800023464A464FB0BDEC0A8BBDE8F04F01F0D1
:109490009FBCBBEB050600F0D880249B334424938B
:1094A000239B0133072BC8E90056239305DC08F101
:1094B0000808069B3344069324E71AEE101A22AAE2
:1094C000484604F007FC90B90DF19408F1E71AEE54
:1094D000101A22AA484604F0FDFB002800F0A680DE
:1094E000089B23B11AEE900A194602F0FDFE1AEE0F
:1094F000102A536ED80740F1FA8093895A0601F179
:10950000D88206984FB0BDEC0A8BBDE8F08FB2F957
:109510000C309F059AB23FF5B6AE1AEE105AA86D00
:1095200003F08CF9B5F90C309AB2ACE6AFF30080D9
:109530000000000000000000002F00F086800023E3
:109540008DF8D4708DF86B300122CDE9072303929A
:1095500004930C930F930D9335AD1AF002020A9207
:1095600002D0039A023203921AF084020B9205D1C0
:10957000059A0399561A002E00F36883249C8BB138
:10958000239B0DF16B0201330134C8F80020072B37
:109590004FF0010224942393C8F8042000F39F8322
:1095A00008F108080A9B83B1239B1BAA01330234EC
:1095B000C8F80020072B4FF0020224942393C8F828
:1095C000042000F3998308F108080B9B802B00F01E
:1095D0006A82049B079A9E1A002E00F3AB821AF44B
:1095E000807F40F00682079BC8F804301C44239B10
:1095F000C8F800500133072B2494239300F31983F8
:1096000008F108081AF0040F05D0059B039A9D1A6B
:10961000002D00F38583DDE9052303998A42ACBF61
:109620009B185B180693002C7FF451AF0023239303
:10963000089B1BB10899484602F056FE0DF19408AC
:109640005D462B78002B7FF450AE249B002B41F01D
:109650001B82002323934AE7099B073323F0070368
:10966000B3EC027B8DED107BDDE91012099322F043
:1096700000430BEE101A0BEE903A4FF0FF32B0EEB3
:109680004B9AF0EE6B9AB74B51EC190BFFF788FC35
:10969000002840F0E884B34B51EC190B4FF0FF3237
:1096A000FFF760FC002840F0DE84DDE910010022B5
:1096B0000023FFF74DFC002840F067879DF86B30D2
:1096C000A94DAA4A2AF0800A0321472FC8BF154690
:1096D000002208920391079104920C920F920D922E
:1096E000002B3FF43AAF039A0132039235E7938996
:1096F00099053FF503AF1AEE104A906D03F0A0F8FC
:10970000A389FBE6284602F00DFDB3E59BF8007047
:109710004AF0200A09E64AF0100A1AF0200F099BC5
:1097200000F04084073323F007031A465B6852F8C1
:10973000084B09921E46002BC0F24384049B013360
:1097400000F0BC822AF08003039354EA060340F041
:10975000B782049B002B40F0B882DDF80CA00023F8
:10976000049307934EAD1FE1099A002352F8041B9E
:109770008DF86B308DF8D4100992E5E6099C54F809
:10978000045B00268DF86B60002D00F08F85049B34
:109790005A1C00F051861A4631462846FEF7C0FE94
:1097A0000890002801F02F81089B0496591B07910F
:1097B00021EAE1719DF86B300994039108960C96AB
:1097C0000F960D968CE74AF0100A1AF0200600F06A
:1097D000C983099B073323F007035E6853F8084BDE
:1097E00009932AF480630393002300228DF86B20F1
:1097F000049A551C00F0C080039921F0800A54EAB5
:10980000060140F0B780002A40F00786002BA6D161
:10981000039B13F00103079300F0148430238DF8A9
:1098200037310DF23715BFE0099B53F8042B059231
:10983000002A80F2D583059A0993524205929BF83B
:1098400000704AF0040A70E51AF0200F40F0D1844D
:109850001AF0100F40F0E7851AF0400F40F0A9868B
:109860001AF4007F00F0DF85099B069953F8042B5A
:10987000099311705D46E4E69BF800708DF86B402B
:1098800053E59BF800704AF0800A4EE55A4612F8FC
:10989000017B2A2F01F06F82A7F13003092B934639
:1098A00098BF002201F2EC801BF8017B02EB8202E0
:1098B00003EB4202A7F13003092BF5D9049236E5F8
:1098C0004AF010030393039B13F0200600F0598322
:1098D000099B073323F007035E6853F8084B09938D
:1098E000012382E7099B53F8044B099330234AF084
:1098F000020278278DF86C301D4B149303928DF87B
:109900006D700026022370E79BF80070682F03BF7C
:109910009BF801704AF4007A0BF1010B4AF0400AFF
:1099200003E59BF800706C2F03BF9BF801704AF0B1
:10993000200A0BF1010B4AF0100AF6E49BF80070C4
:109940004AF0080AF1E49BF800704AF0010AECE4DE
:109950009DF86B30002B7FF46EAD9BF800708DF896
:109960006B10E2E4FFFFEF7FA0F10008A4F1000814
:10997000B0F10008CDF80CA0012B00F0A181022B62
:109980004EAD20D1149A04F00F032409D35C05F8DE
:10999000013D44EA0674360954EA0603F3D14EAB9E
:1099A0005B1BDDF80CA00793049907989DF86B30BA
:1099B00081424FF00002B8BF0146089203910C9219
:1099C0000F920D928CE604F00703E40844EA467413
:1099D000F608303354EA06012A4605F8013DF2D173
:1099E0000399CC0700F175824EAB5B1B8A46079347
:1099F000DAE7652F40F3D780DDE91001002200236C
:109A0000FFF79CFA002800F0C681239BC14AC8F8E2
:109A10000020013301340122072B24942393C8F83A
:109A2000042000F3DE8408F108081C9B0E9A934280
:109A300080F2D182129B139A1C44C8E90023239B15
:109A400024940133072B239300F3228408F10808A0
:109A50000E9B5D1E002D7FF7D5AD102D239B41F38E
:109A60006981AD4F0A97224610261AEE104A05E08A
:109A700008F10808103D102D40F3C1840133103265
:109A8000072BC8E90076CDE92332F1DD22AA214671
:109A9000484604F01FF900287FF422ADDDE92332A7
:109AA0000DF19408E6E7059B039A9E1A002E7FF7B6
:109AB00090AD102E239B41F33F8097490B95224692
:109AC0001AEE105A0A910C4604E0103E102E08F1CE
:109AD000080819DD013310321021072BCDE923329C
:109AE000C8F80040C8F80410EFDD22AA294648460D
:109AF0000DF1940804F0EEF800287FF4F1AC103E6C
:109B0000102EDDE92332E5DC0B9D144601330A9A61
:109B1000C8F800203444072BCDE92334C8F804608A
:109B200000F3A883049B079A9E1A002E08F10808E8
:109B30007FF755AD102E239B40F30F8576480A9092
:109B4000424621461AEE108A044604E0103E102ECA
:109B500002F1080216DD013310311020072BCDE988
:109B6000233114605060F1DD22AA4146484604F0DA
:109B7000B1F800287FF4B4AC103E102EDDE923319B
:109B800025AAE8DC90460C4601330A9AC8F8002062
:109B90003444072BCDE92334C8F8046000F3D481A2
:109BA00008F108081BE50E9B012B40F37381239EEF
:109BB000C8F80050013601340123072E249423965F
:109BC000C8F8043000F3968308F10808129B139A32
:109BD00001361C44072EC8E90023CDE9236400F3B5
:109BE000978308F10808DDE9100100220023FFF740
:109BF000A5F9002840F07B810E9B0136013B013521
:109C00001C44072EC8F800502396C8F8043024944A
:109C100000F3518108F10808169BC8F8043001369A
:109C20001C44072E1EABCDE92364C8F800307FF733
:109C3000E7AC1AEE101A22AA484604F04BF80028A6
:109C40007FF44EAC249C0DF19408DBE4102EDDE98A
:109C5000233222DD199510241AEE105A04E0103E2A
:109C6000102E08F1080817DD01332C491032072B9C
:109C7000C8E90014CDE92332F1DD22AA294648467D
:109C80000DF1940804F026F800287FF429AC103E6A
:109C9000102EDDE92332E7DC199DC8F8046001339A
:109CA000B418072B1D4AC8F80020CDE9233400F36F
:109CB0007D839DF86B3008F1080860E4CDF80CA0B6
:109CC0000A2C76F1000380F0318330340123DDF873
:109CD0000CA08DF8374107930DF2371564E61AEEA4
:109CE000101A22AA484603F0F5FF00287FF4F8ABCB
:109CF000249C0DF1940855E41AEE101A22AA484645
:109D000003F0E8FF00287FF4EBAB249C0DF19408EE
:109D10005BE400BFE0F10008F4F10008E4F10008A2
:109D2000102D239B20DD1AEE107A102604E0103D42
:109D3000102D08F1080817DD0133AC4A1034072B49
:109D4000C8E90026CDE92334F1DD22AA3946484688
:109D50000DF1940803F0BEFF00287FF4C1AB103D65
:109D6000102DDDE92334E7DC0133A04AC8F80450A4
:109D70002C44072BCDE92334C8F800207FF74BACE7
:109D80001AEE101A22AA484603F0A4FF00287FF416
:109D9000A7AB249C3FE41C9A002A40F32B81DDE909
:109DA0000D739F42A8BF1F46002F0BDD239B01337D
:109DB0003C44072BC8E900572494239300F3D5852E
:109DC00008F108080D9E002FA8BFF61B002E00F317
:109DD00044830D9B1AF4806F2B44079340F0E38477
:109DE0001C9B0E9A934203DB1AF0010F00F0D28302
:109DF000129A13991444C8E90012239A2494013248
:109E0000072A239200F3BF8508F108080E9A0799E4
:109E1000AE18761AD51AAE42A8BF2E46002E0DDD1A
:109E2000239BC8F8001001333444072BC8F80460A2
:109E30002494239300F3098608F10808002EA8BF94
:109E4000AD1B002D7FF7DEAB102D239B40F37287F7
:109E5000674F0A97224610261AEE104A05E008F1CD
:109E60000808103D102D40F3CA8201331032072B31
:109E7000C8E90076CDE92332F1DD22AA2146484621
:109E800003F028FF00287FF42BABDDE923320DF12E
:109E90009408E6E71AF0010F7FF489AE239EC8F814
:109EA0000050013601340123072E24942396C8F86C
:109EB00004307FF7AFAE1AEE101A22AA484603F01C
:109EC00009FF00287FF40CABDDE923640DF1940851
:109ED000A2E6302B3FF463AD3023023A05F8013C93
:109EE0004EAB9B1ADDF80CA0079315465CE50E9B64
:109EF0005D1E002D7FF790AE102D40F321873C4A68
:109F0000CDF810A023461AEE10AA0A921027144684
:109F100005E008F10808103D102D40F3E3820136FA
:109F20001033072EC8E90047CDE92363F1DD22AAEB
:109F30005146484603F0CEFE00287FF4D1AADDE961
:109F400023630DF19408E6E71AEE101A22AA484698
:109F500003F0C0FE00287FF4C3AA249C0DF19408EE
:109F6000FFF73DBB1AF0100340F03D811AF04002AC
:109F700000F0C882099A52F8044B09921E46A4B216
:109F80002FE4039B13F0100366D1039A12F04002F2
:109F900000F0C682099A52F8044B09921E46A4B2F8
:109FA000012322E453F8044B09931AF0100F4FD108
:109FB0001AF0400F48D044F3C036334624B2FFF7BE
:109FC000BABB2D2364428DF86B3066EB4606CDF8A4
:109FD0000CA001230CE41AF0010F3FF413AB29E5A8
:109FE0009BF800700993FFF7A0B900BFE4F10008E7
:109FF000F4F10008239BB649C8F80010013301347E
:10A000000121072B24942393C8F8041000F38484BF
:10A0100008F10808002A40F046820E9A0AF001036F
:10A0200013433FF4EFAA129B139A1C44C8E9002380
:10A03000239B24940133072B239300F3688308F1B7
:10A04000080841E24EADAFE41AF4007F40F0AB8265
:10A05000E6173346FFF76FBB099B53F8044B099390
:10A060000123FFF7C2BBDDE9100102460B46FEF7F4
:10A0700097FF002840F02E86612F00F07F85412F4A
:10A0800000F0A082049B013327F02003039300F02B
:10A09000C085472B00F0AB85DDE910014AF48072E2
:10A0A000002907924FF00003C0F2458441EC180BE1
:10A0B0000A930893039B462B00F07484452B00F011
:10A0C0002585B0EE480AF0EE680A20AB01931DAB7F
:10A0D0000093049A1CAB0221484600F0B9FF039B91
:10A0E000472B054640F05E861AF0010F5646DDF814
:10A0F0001CA040F0E384209B5B1B0E93039B472B2B
:10A1000000F01B83039B462B00F089841C9B0D935E
:10A110000D9B039A013B412A1C9300F0E985FAB29A
:10A120000021002BB8BF0D9B8DF87820BABFC3F17A
:10A1300001032D222B22092B8DF8792040F36D8508
:10A140000DF18704DFF898C1224610468CFB0321ED
:10A15000DA17C2EBA10202EB8201A3EB410130311D
:10A1600000F8011C19466329134600F1FF32ECDCAC
:10A170003033D9B2831E9C4202F8011C40F20E8695
:10A1800013460DF17A0201E013F8011B02F8011BDE
:10A190009C42F9D10DF189030DF17A021B1A134487
:10A1A0001EAA9B1A16930E9B169A012B1A4407920D
:10A1B00040F3B285079B129A13440793079A002332
:10A1C00026F4806622EAE27246F4807A0C930392C7
:10A1D0000F930D930A9B002B40F0DE8204939DF8B1
:10A1E0006B30FFF77DBA099B53F8044B0993FFF7D7
:10A1F000F8BA099B069853F8041B0993C217C1E9E2
:10A2000000025D46FFF71DBA159B002B3FF413A912
:10A21000159B1B78002B3FF40EA99BF800704AF4A5
:10A22000806AFFF782B8CDF80CA0FFF74CBB294B32
:10A2300014931AF0200655D0099B073323F0070327
:10A240005E6853F8084B09931AF0010F09D054EADD
:10A25000060306D030238DF86D704AF0020A8DF89F
:10A260006C302AF4806303930223FFF7BEBA1A4BC3
:10A270001493DEE71AEE101A22AA484603F02AFDCC
:10A2800000287FF42DA9249C0DF19408FFF7A1B9B3
:10A290001AEE101A22AA484603F01CFD00287FF48B
:10A2A0001FA9249C0DF19408FFF7D2BB049A0895CE
:10A2B000062A294628BF062204952B460392074DFD
:10A2C000099407920C910F910D91FFF709BA00BF05
:10A2D000E0F10008B0F10008C4F10008D8F100086E
:10A2E000676666661AF0100370D0099B53F8044B3A
:10A2F0000993A9E71AEE101A22AA484603F0EAFCCD
:10A3000000287FF4EDA8DDE923640DF194085DE4F5
:10A310001AEE101A22AA484603F0DCFC00287FF44B
:10A32000DFA8DDE923640DF194085CE4039B0022BF
:10A3300003F48063CDE9077809EE109A0DF59C7A55
:10A34000DDF85490174698460CE00023204631462D
:10A350000A22FDF7EDFE0A2C76F100031CD3044619
:10A360000E46AA4620460A2200233146FDF7E0FEAB
:10A3700030320AF1FF3501370AF8012CB8F1000F2D
:10A38000E3D099F800309F42DFD1FF2FDDD00A2CB7
:10A3900076F1000380F0E580CDF854900E97DDF85B
:10A3A0002080079F19EE109AFFF7F9BA1AEE101ADB
:10A3B00022AA484603F08EFC00287FF491A89DF85D
:10A3C0006B30249C0DF19408FFF7D9B81AF04002C5
:10A3D00000F0B680099A52F8044B09921E46A4B2C6
:10A3E00032E71AEE101A22AA484603F073FC00283E
:10A3F0007FF476A8249C0DF19408FFF716BB144651
:10A4000001330A9AC8F800202C44072BC8F80450DE
:10A41000CDE923347FF7F4A80BE4012BCDF80CA091
:10A420007FF4ADAA51E4099B069953F8042B5D46CD
:10A4300011600993FFF705B9284604960994FDF7C2
:10A44000FFFF20EAE0719DF86B30079003910896BA
:10A450000C960F960D96FFF743B9102E239B40F3F1
:10A460009684BC480A90424621461AEE108A10276C
:10A47000044604E00832103E102E40F33B820133C4
:10A480001031072BC2E90047CDE92331F2DD22AAC2
:10A490004146484603F01EFC00287FF421A8DDE970
:10A4A000233125AAE7E7129B13991C44C8E900133E
:10A4B000239B24940133072B239300F3288108F175
:10A4C0000808002AC0F2FD820E9AC8F80050013335
:10A4D0001444072BCDE92334C8F804207FF790A853
:10A4E000FFF7A7BBDDF810A01C4601360A9BC8F891
:10A4F00000302C44072ECDE92364C8F804507FF7C0
:10A5000089ABD8E4099B1AF4007614BF53F8044BC6
:10A5100053F8044B09931CBF1646E4B2FFF761B928
:10A52000039B13F40076099B14BF53F8044B53F8B4
:10A53000044B09931CBF1646E4B20123FFF755B93B
:10A54000099B1AF4007614BF53F8044B53F8044BDC
:10A5500009931CBF1646E4B276E67E4A0A92FFF7DC
:10A5600013BB189B1799ED1A1A46284603F044FBB3
:10A5700099F801300BB109F10109204631460A2250
:10A5800000230027FDF7D4FDE9E62D238DF86B307D
:10A59000FFF796B80E9A0799AE18761AD51AAE42FA
:10A5A000A8BF2E464AE444F3C016334664B2FFF710
:10A5B000C2B8099B069953F8042B099311805D4694
:10A5C000FFF73FB830238DF86C3058238DF86D308D
:10A5D000049B632B4AF0020400F3D5820023089306
:10A5E00035ADDDE910124AF481730793002A27F094
:10A5F0002003A2460393C0F29F81002342EC181B64
:10A600000A93612F00F04A83412F7FF453ADB0EEDF
:10A61000480AF0EE680A1CA803F060FA00224FF026
:10A620007F5351EC100BFEF721FA02460B4643EC28
:10A63000192B00220023FEF781FC08B101231C9393
:10A64000454B0B93049B1995CDE90C7BCDE90EA8E6
:10A650000CEE109ADDF82CB059EC198B5E1E2C46CE
:10A6600005E000220023013EFEF768FCE0B93B4B09
:10A67000002240464946FEF7F9F989468046FEF732
:10A68000A5FC0546FEF788F90B46024649464046BA
:10A69000FEF734F81BF80530A24604F8013B731CA2
:10A6A000374680468946DCD149EC198B2C4BDDF8C6
:10A6B0003C8051EC190B00223E461CEE109ADDE95D
:10A6C0000C7BCDF830A00D95DDF838A0199DFEF774
:10A6D0005DFC002840F0368251EC190B204B002223
:10A6E000FEF72CFC18B10D9BD90700F12B82002E30
:10A6F000334606DB01332344302204F8012BA34206
:10A70000FBD1631B56460E93DDF81CA0F6E41AEE4F
:10A71000101A22AA484603F0DDFA00287EF4E0AEC3
:10A72000DDE923341C9A0DF19408CAE61AEE103ABA
:10A73000986D02F085F8FEF79FBE1C9B0D93DA1C06
:10A7400002DB049A93420DDD023F27F020030393BE
:10A75000DEE400BFF4F10008C4F10008000030405E
:10A760000000E03FDDE90D329342C0F27F81F00747
:10A7700040F19182129A13440793710503D50D9B02
:10A78000002B00F35A82079B23EAE37303936727A6
:10A7900000230C930F931DE52D2300228DF86B30C1
:10A7A0000492FEF7A0BF0E9BCDF828B0DDF83CB0B8
:10A7B000079E159FCDF81CA0EB1804934246DDF8C8
:10A7C00060A00C9B0B951AEE108AA446BBF1000FFB
:10A7D00030D0002B71D1013F0BF1FF3B179BC2E939
:10A7E000003A239B0133D444072BCDF890C0239328
:10A7F00067DC0832049B38789B1B8342A8BF034662
:10A80000002B1C460BDD239801309C440728C2E92D
:10A810000063CDF890C023905FDC38780832002CBC
:10A82000ACBF051B0546002D17DC06440C9BBBF195
:10A83000000FCED1002B40D10B9D0E9BDDF81CA04C
:10A84000DDF828B01597EB189E429046324628BF97
:10A850001A4664460792FFF7C3BA102D23981FDDEE
:10A860001024634604E0103D102D02F1080216DDAD
:10A870000130B34910330728C2E90014CDE923039E
:10A88000F1DD22AA4146484603F024FA00287EF46E
:10A8900027AE103D102DDDE9230325AAE8DC9C46F8
:10A8A0000130A74B5560AC440728CDE9230C136059
:10A8B0004DDC387808320644B8E70C9B013B0C931A
:10A8C0008CE722AA4146484603F004FA00287EF4A9
:10A8D00007AEDDF890C025AA8CE722AA414648467B
:10A8E00003F0F8F900287EF4FBAD3878DDF890C06D
:10A8F00025AA94E790460C4601330A9AC8F800202E
:10A900003444072BCDE92334C8F8046000F3618197
:10A9100008F10808FFF75DBA1AEE101A22AA484695
:10A9200003F0D8F900287EF4DBAD1C9A249C0DF1CD
:10A930009408FFF76FBB0893DDE9103408EE103A76
:10A9400004F1004308EE903A2D230A9359E622AA17
:10A950004146484603F0BEF900287EF4C1AD387880
:10A96000DDF890C025AA064460E71AEE101A22AA64
:10A97000484603F0AFF900287EF4B2AD249C0DF1F7
:10A980009408FFF71FBA1AEE101A22AA484603F0DD
:10A99000A1F900287EF4A4AD1C9B249C0DF1940821
:10A9A000FFF734BA20AB01931DAB0093049AB0EECD
:10A9B000480AF0EE680A1CAB0321484600F048FB49
:10A9C0000378302B054600F099811C9B049A56466B
:10A9D0001344DDF81CA0EC1851EC180B00220023E6
:10A9E000FEF7ACFA10B12346FFF786BB209BA342CB
:10A9F000BFF482AB30215A1C20921970209B9C42DC
:10AA0000F9D8FFF779BB049B0393079309949DF84A
:10AA10006B3004900C900F900D90FEF761BE1C9A65
:10AA20000D92002A40F39081049906F001030B4334
:10AA300040F02B810D9B07936627730500F1FE8084
:10AA4000079B23EAE3730393A2E61AEE101A22AAE5
:10AA5000484603F03FF900287EF442AD1C9D0E9B52
:10AA6000249C5D1B0DF19408FFF7E8B90E9B129A28
:10AA70009A180D9B0792002B40F353816727DCE760
:10AA800000230493FEF753BC1AEE101A1AEE900A34
:10AA900022AA03F01FF900283EF4DBADFEF727BD24
:10AAA0006B6EDC0705D4AB89980502D4A86D01F064
:10AAB000C7FE4FF0FF330693FEF723BD049BEC184F
:10AAC0008AE75642103280F26F811D480A90424652
:10AAD00021461AEE108A1027044603E00832103E81
:10AAE000102E5ADD01331031072BC2E90047CDE9A2
:10AAF0002331F3DD22AA4146484603F0EBF8002853
:10AB00007EF4EEACDDE9233125AAE8E7049BB0EE44
:10AB1000480AF0EE680A5C1C20AB01931DAB009361
:10AB200022461CAB0221484600F092FA05465646E2
:10AB30002C44DDF81CA04FE7014A0A92FEF7E6BF5D
:10AB4000F4F100080C9B20930B9B14F8012CD97B8B
:10AB50008A42234609D1302003F8010C209B5A1E5B
:10AB6000209213F8012C9142F6D0392A0BBF0B9A90
:10AB70000132927AD2B203F8012CC2E530238DF86B
:10AB80006C30782322E5591C484601F0CBFE05467F
:10AB9000002800F00C81089023E590460C46013314
:10ABA0000A9AC8F800203444072BCDE92334C8F8AA
:10ABB00004607FF744AA1AEE101A22AA484603F04E
:10ABC00089F800287EF48CACDDE923340DF194087B
:10ABD0007AE41AEE101A22AA484603F07BF80028FD
:10ABE0007EF47EAC249C0DF19408FFF7F2B8049B30
:10ABF000002B08BF01230493119B4AF48072002BA1
:10AC00000792C0F29B809DED108B0A900890FFF791
:10AC100058BA06230493FFF73FBA002940F0A880F2
:10AC200030228DF87A200DF17B02303302F8013B9F
:10AC30001EABD31A1693FFF7B6BA672715990B7890
:10AC4000FF2B00F0A78000240D9A204603E001307E
:10AC50000131FF2B08D0934206DAD21A4B78002B31
:10AC6000F5D10B780134F4E715910D920F900C9407
:10AC70000C9A0F9B18991344079A01FB032307931F
:10AC800023EAE3730393FFF7A5BA129BD318194481
:10AC900007916627D1E60D9B07936EE51CA8B0EEE1
:10ACA000480AF0EE680A02F019FF00224FF07F53C5
:10ACB00051EC100BFDF7DAFE02460B4643EC192B64
:10ACC00000220023FEF73AF908B101231C933C4B04
:10ACD0000B93B7E4119B3B4D3B4A002BB6BF2D2392
:10ACE0009DF86B308DF86B302AF0800AFEF7ECBCD3
:10ACF00007F10F02D2B20121FFF713BA51EC180B82
:10AD000000220023FEF71AF900287FF45EAE049BB0
:10AD1000C3F101031C9359E6F4077FF54FAAFFF72F
:10AD200049BAC3F101031A4422EAE273079203937A
:10AD300067272DE5254A0A92FFF762BB0890FBE5DD
:10AD4000224B0A93FFF7D1BB049A06F0010656EA9C
:10AD5000020304D1012303936627079318E5129B8E
:10AD600001331A4422EAE2730792039366270FE540
:10AD70000DF17A0259E7099B9BF80170934653F84D
:10AD8000042B099342EAE2720492FEF7CEBA0F4A0C
:10AD90000A92B1E500230C930F9369E702231693FF
:10ADA000FFF701BA049CC2E6084A0A92F7E61AEED7
:10ADB000102A938943F040039381FEF798BB00BFAC
:10ADC000B0F10008A8F10008ACF10008F4F10008A7
:10ADD00070B50C468989ADF58E6D21F00201ADF894
:10ADE0001410616E1B91E189ADF81610E1690991AB
:10ADF000616A0B911CA9029106914FF4806106468D
:10AE00000491079118A80021CDE90032089101F0C2
:10AE100011FDDDE9003202A93046FEF711FA051EE8
:10AE200007DB02A9304601F049F9002818BF4FF0AE
:10AE3000FF35BDF814305B0603D5A38943F040030A
:10AE4000A381189801F0F8FC28460DF58E6D70BDB1
:10AE500038B5334B1B6805460C460BB19A6B12B3E1
:10AE6000B4F90C3018079AB225D5216900292DD0E4
:10AE700012F0010007D00020A06060694042A0618C
:10AE800039B1002038BD950758BF6069A06000291E
:10AE9000F7D1120658BF0846F4D543F04003A3810A
:10AEA0004FF0FF3038BD184601F03CF9B4F90C30D2
:10AEB00018079AB2D9D4D1062AD5520714D42169D9
:10AEC00043F00803A3819AB20029D1D102F4207083
:10AED000B0F5007FCCD02146284601F0B3FCB4F990
:10AEE0000C3021699AB2C3E7216B51B104F14002E1
:10AEF000914204D0284601F0F7F9B4F90C30002251
:10AF0000226321690022C4E9001223F02403D7E759
:10AF1000092243F040032A604FF0FF30A38138BD7F
:10AF20000C0000202DE9F04F03690C69A34283B0A7
:10AF3000C0F28780013C01F11405A30000F1140860
:10AF4000009355F8243058F82420013381469A4262
:10AF500008EB840005EB84070190B2FBF3F63BD3CA
:10AF60000023AE4640469B465EF804AB02681FFADB
:10AF70008AFC06FB0C334FEA134C4FEA1A4A06FBD5
:10AF80000ACA1FFA83FCABEB0C0C1FFA8AF31CFAFB
:10AF900082FCC3EB124202EB2C421FFA8CFC4CEAFF
:10AFA0000243774540F8043B4FEA224B4FEA1A43ED
:10AFB000DAD2009B58F8033073B9019B043B9845E3
:10AFC00004D307E0984504F1FF3403D253F8042971
:10AFD000002AF7D0C9F81040484602F063FA00286A
:10AFE0002BDB01364046002355F8041BD0F800C087
:10AFF0008AB29A1A0B0C12FA8CF2C3EB1C4303EBC5
:10B00000224392B242EA0342AF4240F8042B4FEA95
:10B010002343E9D258F8242008EB84036AB9043B9F
:10B02000984504D307E0984504F1FF3403D253F860
:10B030000429002AF7D0C9F81040304603B0BDE813
:10B04000F08F002003B0BDE8F08F00BF00000000CB
:10B050002DE9F04F2DED068B95B08DED020B019192
:10B06000016C249D099259EC108B0446069341B162
:10B07000426C4A60012393408B6001F0B1FF0023D2
:10B080002364B9F1000AB4BF012300232B607C4B79
:10B09000BCBF2AF0004ACDF80CA033EA0A0300F046
:10B0A000B2809DED027B002251EC170BB0EE479A67
:10B0B000F0EE679A0023FDF741FF074680B1069A3C
:10B0C00001231360259B002B00F0DB826D48186084
:10B0D000431E0093009815B0BDEC068BBDE8F08FC1
:10B0E00012AA13A92046B0EE490AF0EE690A02F04E
:10B0F000A1FAB0EE498AF0EE698A5FEA1A5605466F
:10B1000040F09980DDE912763E4406F23240202874
:10B1100040F3AB83C0F140000AFA00FA06F2124095
:10B1200028FA00F04AEA0000FDF726FC0123013E60
:10B130000D93A1F1F871544B0022FDF7DFFA4AA3F9
:10B14000D3E90023FDF792FC49A3D3E90023FDF7DF
:10B15000D7FA804630468946FDF71EFC46A3D3E960
:10B160000023FDF783FC02460B4640464946FDF7A7
:10B17000C7FA80468946FDF729FF0022834600234F
:10B1800040464946FDF7E4FE002840F06D82BBF1E1
:10B19000160F00F25C823D4B03EBCB03D3E9002397
:10B1A00051EC190BFDF7D4FE002875D00023BE1B0F
:10B1B0000C93731E0BF1FF3B049300F14F820023AD
:10B1C0000893BBF1000F6EDA089BCDF814B0A3EB27
:10B1D0000B030893CBF100030B93019B092B4FF05A
:10B1E000000B69D8052B40F33E83043B01930026F6
:10B1F000019B023B032B00F29986DFE813F04E041B
:10B200004B0443042604069A42F20F73CAF3130A4E
:10B2100013605AEA08031DD1259B002B00F07D86A0
:10B220001B4B00930833259A0098136015B0BDECB2
:10B23000068BBDE8F08F18EE903AC3F3130351EC80
:10B24000190B43F07F510D97A6F2FF36129F41F480
:10B25000401170E7259B002B40F0DB830D4B0093E2
:10B2600038E700BFAFF3008061436F63A787D23F29
:10B27000B3C8608B288AC63FFB799F501344D33FE5
:10B280000000F07FE1F100080000F83F50F30008F3
:10B2900008F2000804F20008BE1B731E049300F1BC
:10B2A0009A840C900890049B5B44CDE9043B0023F6
:10B2B0000B93019B092B95D9002301264FF0FF32F8
:10B2C00001930A9607920993079B0F9300216164EB
:10B2D000204601F05FFE0090002800F02F86009BC2
:10B2E0002364079B0E2B00F2F980002E00F0F680FD
:10B2F0000599002940F37184BD4B01F00F0203EB67
:10B30000C2034FEA2118C905D3E9006740F103845D
:10B31000B84B51EC190BD3E90823FDF7D1FC41ECF4
:10B32000180B08F00F084FF0030AB8F1000F13D004
:10B33000DFF8C09218F0010F09D030463946D9E93C
:10B340000023FDF793FB0AF1010A06460F465FEA68
:10B35000680809F10809EDD151EC180B32463B465B
:10B36000FDF7AEFC41EC1A0B0C9B5BB157EC1A6B72
:10B37000A14B1AEE100A00223946FDF7E9FD00281C
:10B3800040F052855046FDF707FB53EC1A2BFDF7B2
:10B390006DFB9A4B0022FDF7B3F9079B8046A1F1A4
:10B3A0005079002B00F0F383059B1093079B0E93BD
:10B3B0000A9B002B00F0C0840E9A8D4B9049DDF85B
:10B3C00000A003EBC20353E902230020FDF778FC41
:10B3D00042464B46FDF792F959EC1A8B41EC180B9B
:10B3E00049461AEE100AFDF7F1FD0746FDF7D4FABB
:10B3F00002460B461AEE100A4946FDF77FF9303730
:10B400000AF8017B53EC182B06460F46FDF7A0FD0A
:10B41000002840F055854FF000080AEE105ACDF88C
:10B4200044B055465BEC18AB08EE104A44462AE09F
:10B430000E9B01349C424BDA724B50465946002217
:10B44000FDF714FB6F4B002282468B46304639468F
:10B45000FDF70CFB89468046FDF7B8FD0746FDF772
:10B460009BFA02460B4640464946FDF747F93037FE
:10B4700005F8017B52465B4606460F46FDF768FD20
:10B48000002840F0188532463B465B490020FDF716
:10B4900035F952465B46FDF75BFD0028C8D0109B8E
:10B4A000009A0593AA4618EE104A1AEE105A02E0C6
:10B4B000924500F0EA84D1461AF8013D392BF7D0C5
:10B4C0000133DBB28AF80030059B01330593ABE111
:10B4D000DDF844B01AEE105A18EE104A139B002BF8
:10B4E000C0F29480059A0E2A00F39080404B03EB43
:10B4F000C203D3E90089099B002B1BDA079B002BB1
:10B5000018DC40F05D83404B002240464946FDF781
:10B51000ADFA02460B4651EC190BFDF723FDDDF8A1
:10B520001CA05646002800F0D082099BDDF8008060
:10B53000DF43D2E242464B4651EC190BFDF7C0FB0C
:10B54000FDF744FD06468346FDF726FA42464B4684
:10B55000FDF78CFA0B46024651EC190BFDF7CEF8BD
:10B56000DDF800A0334630330AF8013B079B012B7E
:10B5700000F08E834FF0010B08EE105A08EE904A4F
:10B580001D465446DA461DE042464B463046394693
:10B59000FDF796FBFDF71AFD8346FDF7FDF94246E0
:10B5A0004B46FDF763FA0AF1010A0B46024639469B
:10B5B0003046FDF7A3F80BF13003AA4504F8013B30
:10B5C00000F061830F4B0022FDF750FA00220023A8
:10B5D00006460F46FDF7B2FC0028D5D0A24618EE6D
:10B5E000105A18EE904A059B01330593D1461BE192
:10B5F00050F3000828F300080000F03F00001C4052
:10B600000000E03F00002440000014400A9A002A95
:10B610003FD0019A012A40F39C82079B03F1FF3837
:10B620000B9B4345C0F26E82A3EB0808079B002BDF
:10B63000C0F26683049A1A440492089A17461A4480
:10B6400008920121204601F079FD064625E00123FC
:10B65000BE1B0C93731E04937FF5B1ADC6F10103BD
:10B66000089300230493ACE55846FDF795F942464C
:10B670004B46FDF763FC00287FF489AD0BF1FF3BDF
:10B6800085E5874B0093009815B0BDEC068BBDE8AF
:10B69000F08FDDF82C80089F0A9E002F0CDD049AA5
:10B6A000002A09DD0899BA421346A8BF3B46C91AC9
:10B6B000FF1AD31A089104930B9BDBB10A9B002B52
:10B6C00000F08282B8F1000F0FDD3146424620467D
:10B6D00001F010FE2A4601460646204601F05CFDB8
:10B6E00029460546204601F07BFC0B9BB3EB080284
:10B6F00040F000830121204601F020FDBBF1000F46
:10B70000824600F3B780019B012B40F386814FF006
:10B7100000080120BBF1000F40F0B880049A1044EB
:10B7200010F01F0000F09680C0F12003042B40F3BE
:10B73000F883089BC0F11C000344024408930744AB
:10B740000492089B002B05DD29461A46204601F08D
:10B7500031FE0546049B002B05DD51461A46204666
:10B7600001F028FE82460C9B002B40F03781079B9E
:10B77000002B40F31E810A9B002B40F0A180059B0B
:10B7800001330593DDF80080DDF81C90012707E008
:10B79000294600230A22204601F02CFC01370546E9
:10B7A00051462846FFF7BEFB4F4500F1300008F830
:10B7B000010BEDDB079A002AC8BF9346009AD8BF59
:10B7C0004FF0010B034693440027294601222046EF
:10B7D000019301F0EFFD5146054601F063FE00289C
:10B7E00040F3A5811BF8013C009A0BF1FF3B04E0FC
:10B7F0005A4500F0A7811BF8013D392B0BF10109D7
:10B80000F6D001338BF800305146204601F0E8FBBA
:10B8100056B12FB1B74203D03946204601F0E0FBC4
:10B820003146204601F0DCFB2946204601F0D8FBDA
:10B83000002389F80030DDE905231A60259B002BE1
:10B840003FF448AC0098C3F8009015B0BDEC068BEF
:10B85000BDE8F08F1C20089B03440893049B03441D
:10B86000074404936DE70126C2E4C0F1200008FA02
:10B8700000F059E401465A46204601F03BFD019B89
:10B88000012B824640F3D5814FF00008DAF81030E2
:10B890000AEB8303186901F001FCC0F120003DE7C9
:10B8A000E0F10008314600230A22204601F0A2FB05
:10B8B0000F9B002B064640F32383CDF8149007938B
:10B8C000002F00F31881B8F1000F40F0FC81B04662
:10B8D000029B009F079903F001027B1E1944019B04
:10B8E0000A9213430891099351462846FFF71AFB21
:10B8F00031468346284601F0D5FD424651468146F1
:10B90000204601F0F1FDC26801460BF13003002A28
:10B9100042D104902846079301F0C4FD0499029097
:10B92000204601F05DFB029A079B1AB9099900298C
:10B9300000F0D682B9F1000FC0F28781019949EA7F
:10B9400001090A9951EA090100F07F81002A00F3F8
:10B95000E781089A3B7007F101099742CB4600F056
:10B96000E581294600230A22204601F043FB464593
:10B97000054631464FF000034FF00A02204612D030
:10B9800001F038FB4146064600230A22204601F01A
:10B9900031FB4F468046A7E72046029301F020FB8B
:10B9A000029B0122C6E701F025FB4F460646804672
:10B9B0009AE7019B022B77DC0A9B002B80D1059B29
:10B9C0005146013328460593FFF7ACFADDF800B085
:10B9D00000F130030BF8013B0027F6E651462846FC
:10B9E00001F060FD0028BFF6C2AE294600230A22FE
:10B9F000204601F0FFFA059B03F1FF390A9B05463B
:10BA0000002B7FF44FAF0F9B002B40F37082079306
:10BA1000B8E6BD4B0093033305E4DDE902120029CB
:10BA20007FF475AEC2F31303002B7FF470AEB74BF7
:10BA30001340002B00F03D82089B01330893049BC8
:10BA4000013304934FF0010863E601230A93099B35
:10BA5000059A13440F930133012B1F460793B8BF78
:10BA600001270021172F61647FF732AC01220423E4
:10BA70005B0003F11400B842114602F10102F7D94C
:10BA8000616425E401230A93099F002F4ADD0F9783
:10BA90000797E6E700230A93D9E700230A93F3E721
:10BAA0000F9BCDF814900793079B002B7FF43DADBF
:10BAB00051460522204601F09DFA0146824628465D
:10BAC00001F0F0FC00287FF730AD0098059F31238E
:10BAD000804600F8013B013700905146204601F0B6
:10BAE0007FFA7B1CDDF800900593CDF80080002ED6
:10BAF0007FF496AE98E631463A46204601F05AFC6D
:10BB00000646E0E60B9BCDF82C80A8EB03039B4494
:10BB10004FF000088AE54FF0020AB0EE498AF0EED5
:10BB2000698A02E4012309930793FFF7CDBB03D190
:10BB3000019BDB073FF556AED9461BF8013D302B84
:10BB4000FAD061E6059B009A013305933123137007
:10BB50005AE60D9A002A00F0638103F23343049AF7
:10BB6000DDF82C801A440492089A17461A44089269
:10BB700067E55046FCF710FF53EC1A2BFCF776FFF5
:10BB8000634B0022FCF7BCFD8046A1F15079614B6C
:10BB9000002251EC1A0BFCF7B1FD42464B4606461B
:10BBA0000F46FDF7F3F9002840F07F813046394613
:10BBB000424609F10043FDF7CBF900283FF48EAC73
:10BBC0004FF0000A5646B0E429460B9A204601F091
:10BBD00091FB05468EE50C9040E500F04E81059AFC
:10BBE0004D4B564206F00F0203EBC203D3E900238C
:10BBF00051EC190BFCF73AFF361141EC1A0B00F02F
:10BC00008881464F00234FF0020AF20706D5D7E994
:10BC10000023FCF72BFF0AF1010A0123761007F13C
:10BC20000807F2D1002B3FF49FAB41EC1A0BFFF752
:10BC30009BBB029B002B7FF427AEDDE90212C2F30F
:10BC40001303002B3FF4F3AE1EE6002A12DD294653
:10BC500001222046019301F0ADFB5146054601F05B
:10BC600021FC0028019B40F33581392B00F0138122
:10BC70000BF13103B94609F8013B059B0133374607
:10BC800005934646C0E5A24618EE105A18EE904AB3
:10BC900002460B46FCF734FD42464B4606460F462D
:10BCA000FDF774F960B942464B4630463946FDF718
:10BCB00045F900283FF497AC5FEACB717FF593AC70
:10BCC000009AFFF7F8BB7168204601F063F9074658
:10BCD000002800F03A81336902339A0006F10C0122
:10BCE0000C30FCF76DFC39460122204601F062FB66
:10BCF0008046EDE52946204601F0FCFA0546F9E4C8
:10BD0000DDE907239F1A9CE404F200080000F07F9D
:10BD100000001C400000144050F3000828F3000805
:10BD2000392B00F0B880B9460133A4E7059A0132F7
:10BD300037460592464648E50E988D4901EBC0010D
:10BD400042464B4651E90201FCF790FE5AEC1A9B21
:10BD500041EC180B51461AEE100AFDF737F9074669
:10BD6000FCF71AFE02460B461AEE100A5146FCF783
:10BD7000C5FC06460E98DDF800803037012808F82B
:10BD8000017B0F4600F0BA800E9B009ACDF838B0C8
:10BD900013449B46C246774B002230463946FCF797
:10BDA00065FE89468046FDF711F90746FCF7F4FD6C
:10BDB000303702460B4640464946FCF79FFC0AF8DE
:10BDC000017BDA4506460F46E5D1DA46DDF838B0A4
:10BDD000694B59EC188B002218EE100A4946FCF703
:10BDE0008FFC32463B46FDF7B3F800286DD118EEC4
:10BDF000102A4B4660490020FCF780FC32463B4647
:10BE0000FDF7C4F800283FF469ABD1460AF1FF3AC8
:10BE100019F8013C302BF8D0109B0133059303E552
:10BE2000129BC3F136039AE6079B002B3FF4A1AEA9
:10BE30000F9B002B7FF752AB059A0E93013A4D4BA7
:10BE400010921AEE100A39460022FCF70FFE024645
:10BE500016460F460AF10100FCF79EFD32463B46AE
:10BE6000FCF704FE454B0022FCF74AFC47EC1A6B3A
:10BE70008046A1F15079FFF79BBA4FF0020AB0EE6D
:10BE800049AAF0EE69AAFFF76FBA059B0133059343
:10BE90003123FFF717BB059BBB46013305933923BD
:10BEA00037460BF8013B46469EE44FF0000A5646E3
:10BEB0000BE698462DE4AA4618EE104A1AEE105AE0
:10BEC000109B01330593D146AEE4109B009A059375
:10BED000FFF7F1BA7FF4CEAEDA077FF5CBAEC4E65A
:10BEE000392BD8D0B9F1000F3FF7C2AEC2E6019BA3
:10BEF000022B3FF7D5ADCDF8149060E5C24667E759
:10BF0000019B022B3FF7CCAD0F9BCDF8149007930C
:10BF1000D6E44FF0020AFFF727BA194B0093FFF758
:10BF2000D9B83FF40EACC0F13C0094E4002666643E
:10BF30003146204601F02EF8009068B9114B1248A6
:10BF400000224FF4D57102F025FE0E4B0E483A4602
:10BF500040F2EA2102F01EFE009B236401224FF012
:10BF6000FF3309960F930A920793FFF7B7BA00BF02
:10BF700050F30008000024400000E03F00001C4097
:10BF800008F2000814F2000828F20008B1F90C20A9
:10BF90002DE9F0410C461107804647D4636842F40E
:10BFA0000062002BA2815EDDA56A002D58D000231F
:10BFB000D8F80060C8F8003093B212F4805256D11D
:10BFC0000123E1694046A847431C67D0A389A56ABD
:10BFD0005F0705D56368C01A236B0BB1E36BC01A0A
:10BFE000E169024600234046A847411C41D1D8F8E8
:10BFF0000030002B3DD01D2B01D0162B56D1A3892C
:10C000002269226023F4006300216160A381216B17
:10C01000C8F8006021B304F14003994202D04046C1
:10C0200000F062F900202063BDE8F0812669BEB10E
:10C0300093B2256826609A070CBF63690023AD1B85
:10C04000A3600BE02B463246E169676A4046B84779
:10C05000B0F1000CA5EB0C05664417DD002DF1DCFA
:10C060000020BDE8F081E36B002B9DDCF8E7206D3C
:10C07000AEE7B4F90C302269226023F40063A38197
:10C080000022DB046260C2D52065C0E7A38943F0CB
:10C0900040034FF0FF30A381BDE8F081D8F80030B5
:10C0A000002B93D01D2B06D0162B04D0A38943F070
:10C0B0004003A381D5E7C8F80060D1E738B50C4646
:10C0C000054608B1836BA3B1B4F90C00B8B1636E37
:10C0D000DB0701D4810515D528462146FFF756FF19
:10C0E000636EDA07054602D4A3899B050ED5284660
:10C0F00038BD00F017F8B4F90C000028E7D1054668
:10C10000284638BDA06D00F099FBE5E7A06D00F072
:10C1100097FB284638BD00BF014900F063BB00BF54
:10C1200071EC00082DE9F0478246394800F086FBA3
:10C13000DAF83840002C66D1DAF80450354ACAF8EB
:10C140003C200323CAE9B843DFF8DC90DFF8DC8049
:10C15000314F324E04230AF53B72CAF8E8222146D9
:10C16000C5E90243C5E90044C5E904446C660822F8
:10C17000AC6105F15C00FCF7A5FFC5E90759C5E90D
:10C180000987EE6205F1580000F054FBDAF8085018
:10C19000234BEB602146C5E90044C5E904446C66C5
:10C1A000AC60AC61082205F15C00FCF78BFFC5E9CF
:10C1B0000759C5E90987EE6205F1580000F03AFB1E
:10C1C000DAF80C50174BEB602146C5E90044C5E98D
:10C1D00004446C66AC60AC61082205F15C00FCF7BD
:10C1E00071FF05F15800C5E90759C5E90A76C5F898
:10C1F000248000F01FFB0123CAF838300448BDE852
:10C20000F04700F01DBBBDE8F047014800F018BB47
:10C21000440A002019C10008D1DB0008F1DB000846
:10C2200009000100120002006DDB000891DB00082C
:10C23000014800F003BB00BF400A0020014800F0A5
:10C24000FFBA00BF400A0020F8B5244F0C4606464E
:10C2500000F094FEBA685568C4F57E630F3325F08C
:10C2600003052B4423F47F6323F00F03A3F58054CD
:10C27000B4F5805F07DB0021304601F065FCBB6848
:10C280002B44984204D0304600F07EFE0020F8BDDA
:10C290006142304601F058FC01300DD0104ABB68B5
:10C2A0002D1B45F001055D60136830461B1B1360B4
:10C2B00000F06AFE0120F8BD0021304601F044FC88
:10C2C000BA68831A0F2BDEDD43F001035360054B80
:10C2D00003491B68C01A0860D5E700BF3804002076
:10C2E000480A002040080020002961D0F8B50C461B
:10C2F000064600F043FE54F8042C7B4FA4F10805D9
:10C3000022F0010105EB010CB868DCF8043060454F
:10C3100023F0030300F08B80D207CCF8043032D432
:10C3200054F8082CAD1A1144AA6807F1080082429B
:10C330006AD00CEB0304D4F804E0EC68D4601EF07F
:10C34000010FA26000F0978041F001036B60CCF810
:10C350000010B1F5007F35D27A68CB084809012179
:10C36000013381401143796007EBC30257F8331062
:10C37000083AC5E9021247F83350CD603046BDE8AF
:10C38000F84000F001BE0CEB03025268D00710D455
:10C39000194407F10800DCF80830834273D0DCF858
:10C3A0000C20DA60936041F001036B606950D0E7C4
:10C3B000704741F00103B1F5007F44F8043CCCF82C
:10C3C0000010C9D3B1F5206F4FEA512348D28B0931
:10C3D00003F1390003F13802C300F818FB5808389C
:10C3E000984259D05A6822F003028A4202D99B68C7
:10C3F0009842F7D1D868C5E902308560DD603046E3
:10C40000BDE8F84000F0C0BD0CEB03025268D20753
:10C4100063D40B44DCE90212CA60916043F001026C
:10C420006A603046EB50BDE8F84000F0ADBD0B440B
:10C43000D10707D454F8082CAD1A1344D5E90212D9
:10C44000CA60916043F001026A60284ABD601268C8
:10C450009A4293D8264B30461968FFF7F5FE8DE7D0
:10C46000142B0AD9542B1FD80B0B03F16F0003F1C7
:10C470006E02C300B1E719448DE703F15C0003F1DC
:10C480005B02C300A9E741F00103C7E90455C5E910
:10C4900002006B60695071E779689210012404FA18
:10C4A00002F20A437A60A6E7B3F5AA7F06D8CB0B5F
:10C4B00003F1780003F17702C3008EE740F2545293
:10C4C000934206D88B0C03F17D0003F17C02C3007C
:10C4D00083E74FF47E737E227FE741F001036B60B8
:10C4E000CCF800104AE700BF3804002044080020C0
:10C4F000780A00209368002B00F085802DE9F04F2A
:10C50000B1F90C300C461907804683B0174698B233
:10C5100025D523691BB310F002033D682DD04FF0E1
:10C52000000ADFF8BCB25646B9465E45334652466D
:10C5300028BF5B464046002E52D0E169676AB84783
:10C54000002856DDD9F808301B1A8244361AC9F87B
:10C550000830002BE9D1002003B0BDE8F08F214660
:10C560004046FEF775FC002840F03681B4F90C30E7
:10C570003D6898B210F00203D1D110F0010944D106
:10C580004E46009746B38205D4F808B040F1838048
:10C59000B3455A4600F2B28010F4906F40F0BF806D
:10C5A00020680192494600F06DFCA368019AA3EB54
:10C5B0000B012368A1601344B24623600026009B50
:10C5C0009868A0EB0A00D14498600028C3D0B4F961
:10C5D0000C0080B2002ED6D1D5E900960835D1E7FF
:10C5E000D5E900A60835A0E721464046FFF766FDDD
:10C5F00080B3B4F90C3043F040034FF0FF30A38117
:10C6000003B0BDE8F08F002070471E46AA46994649
:10C6100018461D46009756B388B34A46D4E904131A
:10C620002068B24228BF3246884205D9A16803EB90
:10C63000010B5A4500F3A680934263DCE169676A07
:10C640002A464046B847B0F1000BD2DDB9EB0B09E2
:10C65000CAD00120009A9368A3EB0B035D44A6EBBC
:10C660000B069360002B3FF476AF002ED4D10AF175
:10C67000080353E902569A460833002EF9D0324691
:10C680000A212846FBF74CFF002800F09C8001306F
:10C69000A0EB0509C1E720682369984216D86369B1
:10C6A000B34213D86FF00042B24228BF3246E1696C
:10C6B00092FBF3F2676A02FB03F340464A46B8472F
:10C6C000B0F1000A95DDA6EB0A0678E7B345DA4635
:10C6D00028BFB2465246494600F0D4FBA368226800
:10C6E000A3EB0A035244A3602260002BEBD1214646
:10C6F0004046FFF7E3FC0028E5D07AE72068B34620
:10C7000032464EE72946019200F0BCFB019AA3682D
:10C710009B1AA360236813442360934696E723681B
:10C720002169A3EB010B636903EB430A0AEBDA7A95
:10C730000BF101034FEA6A0A33445345524684BF62
:10C740009A46524643052CD51146404600F0EAF879
:10C7500000283BD05A4621690190FBF731FFA2899E
:10C76000019B22F4906242F08002A28103EB0B0055
:10C770002361AAEB0B03C4F814A0A3602060B346A6
:10C7800032460EE729465A4600F07CFB23685B449C
:10C79000236021464046FFF791FC00283FF456AF46
:10C7A00027E7404600F0AEFF03460028DED12169AE
:10C7B0004046FFF799FDB4F90C300C2223F08003BA
:10C7C000C8F8002017E7721C914627E70C22B4F93D
:10C7D0000C30C8F800200EE74FF0FF30BCE600BF79
:10C7E00000FCFF7F2DE9F8430746884600F53876C0
:10C7F0004FF00009D6E90154013D11D4A389012B62
:10C8000005F1FF3508D9B4F90E300133214603D0C4
:10C810003846C04749EA00096B1C04F16804EDD1B1
:10C820003668002EE6D14846BDE8F88300487047D8
:10C8300038090020704700BF704700BF704700BF35
:10C84000704700BF2DE9F0418B890C46990796B0DF
:10C8500008D504F143030122C4E90432236016B071
:10C86000BDE8F081B4F90E100029064627DB6A46C0
:10C8700002F000FB002821DB019D05F47045A5F5C1
:10C880000055B5FA85F54FF480686D094FF40067DF
:10C890004146304600F046F8B4F90C30F0B1204A79
:10C8A000F26343F08003C4F81480A3812060206108
:10C8B00035BB3B43A38116B0BDE8F081A38913F0DB
:10C8C000800519D04FF040084146304600F02AF864
:10C8D0000025B4F90C302F460028E0D19A05BED4CB
:10C8E00023F0030304F1430243F002030121C4E9EE
:10C8F0000421A3812260B2E74FF480682F46C7E786
:10C90000B4F90E10304602F0CBFA10B9B4F90C307D
:10C91000CFE7A38923F0030343F001031BB2C8E769
:10C9200019C100082DE9F04F01F10B06162E83B056
:10C93000044624D8102900F2BA8000F01FFB10260C
:10C9400018220220B54F3A44A2F1080153688B42E5
:10C9500000F0BA805A68D96822F003021A449D6830
:10C96000E9608D60516841F001012046516003F19A
:10C97000080500F009FB284603B0BDE8F08F36F04B
:10C98000070600F19480B14200F2918000F0F6FABF
:10C99000B6F5FC7FC0F09A81730A00F08F80042BFB
:10C9A00000F26F81B30903F1390003F1380CC300C1
:10C9B0009A4F3B44A3F108055B689D4206D10CE009
:10C9C000002980F22781DB689D4206D05A6822F058
:10C9D0000302911B0F29F3DD60463D69DFF850C269
:10C9E00065457CD06A6822F00302931B0F2B00F38D
:10C9F0007B81002BC7E904CC80F26C81B2F5007F0B
:10CA000080F01A81D308796801334FEA521E01225F
:10CA100002FA0EF20A4357F833E0C5F808E007EBD4
:10CA2000C3010839E9607A6047F83350CEF80C50FA
:10CA3000831001219940914257D8114206D120F02C
:10CA400003004900114200F10400FAD007EBC009CD
:10CA50004D468646D5F80C80454508D11DE1002B92
:10CA600080F22481D8F80C80454500F01681D8F872
:10CA7000042022F00302931B0F2BF0DD2046D8E99F
:10CA8000025408EB060146F00106C8F80460EC60A9
:10CA9000A56043F00104C7E90411C1E902CC4C6070
:10CAA00048F8023000F070FA08F1080502E00C23A3
:10CAB00023600025284603B0BDE8F08F4FF40073D3
:10CAC00040204FF03F0C73E7D3689A4208BF023012
:10CAD0007FF440AF3D69DFF858C1654582D17A687F
:10CAE0008310012199409142A7D9BD686B6823F05A
:10CAF00003094E4503D8A9EB06030F2B7ADCDFF8B8
:10CB000034B1474BDBF800201B680132334405EB9E
:10CB1000090A00F0338103F580530F3323F47F6853
:10CB200028F00F084146204601F00EF8411C02464D
:10CB300000F0F380824500F2EE803A4B19684144E0
:10CB40001960084600F04E81DBF8001001930131B6
:10CB50001BBFA2EB0A0A5044CBF80020186012F069
:10CB6000070B00F01781CBF108010A44CBF5805187
:10CB700090440831A1EB0801C1F30B0A514620464D
:10CB8000009200F0E1FF421CDDE9002300F04F813C
:10CB9000801A00EB0A081968BA6048F00100514495
:10CBA000BD425060196000F02981B9F10F0F40F2C9
:10CBB00027816868A9F10C0C2CF0070C00F001002B
:10CBC00040EA0C0068604FF0050E05EB0C00BCF16C
:10CBD0000F0FC0E901EE00F2328150681546124B8A
:10CBE0001A688A4238BF1960104B1A688A4238BFE7
:10CBF000196094E0AA1943F0010346F001066E6043
:10CC00002046BA60536000F0BFF90835284603B0EB
:10CC1000BDE8F08FD9681A44A1E600BF38040020AF
:10CC2000780A0020480A0020700A0020740A0020B8
:10CC30004004002040080020B2F5206F4FEA522344
:10CC400063D3142B00F2B78003F15C01C9005B339E
:10CC500007EB010E7958AEF1080E8E4500F0918079
:10CC60004B6823F00303934202D989688E45F7D1BC
:10CC7000D1F80CE07A68C5E9021ECEF80850CD6004
:10CC8000D6E6142B59D9542B00F29D80330B03F1B7
:10CC90006F0003F16E0CC3008AE60EF1010E1EF068
:10CCA000030F05F108057FF4D5AE51E04244454637
:10CCB0005368D8F80C1043F00103536055F8083F4F
:10CCC0002046D9608B6000F05FF9F3E6F00806F1CA
:10CCD000080237E62A442046536843F001035360B4
:10CCE000083500F051F9E5E6A919204646F001069D
:10CCF00043F001046E60C7E90411C1E902CC4C6045
:10CD0000AB5000F041F90835D4E6930903F139013D
:10CD1000C90038339CE7BD425FD0BD68686820F029
:10CD200003084645A8EB060302D80F2B3FF762AF76
:10CD3000204600F029F90025BCE603F15C0003F170
:10CD40005B0CC30034E659F808394B4540F0968037
:10CD500010F0030F00F1FF30F5D17B6823EA0103E7
:10CD60007B60490099423FF6C0AE19B9BDE6490063
:10CD70000EF1040E1942FAD0704667E603F110086E
:10CD8000D0E69A104FF001087B6808FA02F21A43C5
:10CD90007A6070E702EB08014942C1F30B0A514681
:10CDA0002046009200F0D0FE431CDDE900237FF412
:10CDB000EFAEDA46EFE6542B25D8130B03F16F01E3
:10CDC000C9006E3344E7B3F5AA7F25D8F30B03F10E
:10CDD000780003F1770CC300EAE5294B186840445A
:10CDE0001860B1E6CAF30B0CBCF1000F7FF4ACAED7
:10CDF000BD68C84448F001006860F0E61546EEE6FC
:10CE00000123536094E7B3F5AA7F23D8D30B03F132
:10CE10007801C90077331BE740F25452934223D87C
:10CE2000B30C03F17D0003F17C0CC300C0E5ABF152
:10CE3000080BD844A8EB02084FF0000AABE605F156
:10CE4000080120460093FFF74FFABD68009B686811
:10CE50001968C4E640F254518B420BD8930C03F18D
:10CE60007D01C9007C33F3E64FF47E737F204FF0E1
:10CE70007E0C9DE54FF47E717E23E9E67B6870E7CA
:10CE8000480A002088420DD98B1883420AD900EB4A
:10CE9000020CBAB1624613F801CD02F801CD9942F5
:10CEA000F9D170470F2A0ED8034602F1FF3C4AB170
:10CEB0000CF1010C013B8C4411F8012B03F8012FFC
:10CEC0006145F9D1704740EA01039B0750D1A2F1B7
:10CED000100370B501F1200C23F00F0501F1100EC5
:10CEE00000F11004AC441B095EF8105C44F8105CBF
:10CEF0005EF80C5C44F80C5C5EF8085C44F8085C76
:10CF00005EF8045C44F8045C0EF1100EE64504F192
:10CF10001004E9D1013312F00C0F01EB031102F000
:10CF20000F0400EB031327D0043C24F003064FEA60
:10CF3000940C1E441C1F8E465EF8045B44F8045F8C
:10CF4000B442F9D10CF1010402F0030203EB8403B3
:10CF500001EB840102F1FF3C4AB10CF1010C013BF1
:10CF60008C4411F8012B03F8012F6145F9D170BDF4
:10CF700002F1FF3C03469BE72246EBE70148FFF73F
:10CF80005DBC00BF3C0A00200148FFF759BC00BF50
:10CF90003C0A0020C36C70B505460C464BB153F8F3
:10CFA000240080B1026843F824200023C0E9033341
:10CFB00070BD2122042101F00DFE0346E864002823
:10CFC000EDD1002070BD012101FA04F6721D92001E
:10CFD000284601F0FFFD0028F3D0C0E90146E4E750
:10CFE00031B1C36C4A6853F82200086043F822103C
:10CFF000704700BFF0B50C69064683B00D4601F1DD
:10D00000140E0020DEF800101FFA81FC02FB0C3326
:10D010004FEA134C090C02FB01CC01309BB203EB2D
:10D020000C4384424EF8043B4FEA1C43EADC3BB11C
:10D03000AA68A24207DD05EB8402013453612C612A
:10D04000284603B0F0BD6968019301313046FFF70F
:10D05000A1FF019B0746B8B12A690193023205F18D
:10D060000C0192000C30FBF7ABFAF26C6968019B83
:10D0700052F82100286042F821503D4605EB840219
:10D08000013453612C61DBE7024B03483A46B5217A
:10D0900001F080FD14F20008A8F20008030C1B0444
:10D0A000D3B90004102310F07F4F04BF00020833EF
:10D0B00010F0704F04BF0001043310F0404F04BF64
:10D0C00080000233002805DB10F0804F03F10103DC
:10D0D00008BF2023184670470023E4E7036813F0D5
:10D0E0000702014607D0DA071FD4980721D55B084D
:10D0F0000B600120704798B2A0B11046DAB20AB9AD
:10D1000008301B0A1A0704BF1B0904309A0704BF22
:10D110009B080230DA0703D45B0800F1010006D057
:10D120000B6070471B0C1020E8E7002070472020A0
:10D1300070479B080B600220704700BF38B5C36C76
:10D1400004460D464BB15868B0B102685A600022DF
:10D150000123C0E90435C26038BD2122042101F059
:10D1600039FD0346E0640028EDD1094B094800224F
:10D170004FF4A07101F00EFD1C220121204601F0A8
:10D1800029FD0028F1D001220223C0E90123DEE7B6
:10D1900014F20008A8F200082DE9F04F0E69156995
:10D1A000AE4285B08846144605DB2A4623463546FE
:10D1B0000C4616469846A3686168AF19BB42B8BFD3
:10D1C0000131FFF7E7FE0190002800F08780019B06
:10D1D00003F1140909EB870AD14505D24B46002219
:10D1E00043F8042B9A45FBD808F1140808EB860B8A
:10D1F00004F11403D8451A4603EB85055FD22B1BB7
:10D20000153B23F0030304331534A54238BF042330
:10D21000CDE902A7AC461F46924605E0000C29D195
:10D22000C34509F1040948D958F8040B85B2002D0B
:10D23000F4D056464C46002356F8040B216882B2BF
:10D240001FFA81FE05FB02EE000C0A0C734405FB7D
:10D25000002202EB13429BB243EA0243B44544F876
:10D26000043B4FEA1243E7D849F8073058F8040C5A
:10D27000000CD5D0D9F80030544619464D4600224E
:10D280002688090C00FB06110A449BB243EA0243BC
:10D2900045F8043B54F8046B2968360C8BB200FB4C
:10D2A000063303EB1243A4454FEA1342E8D8C345C3
:10D2B00049F8073009F10409B6D8DDE902A7002FC3
:10D2C00002DC05E0013F03D05AF8043D002BF9D001
:10D2D000019B18461F6105B0BDE8F08F034B044861
:10D2E000019A40F25D1101F055FC00BF14F20008F4
:10D2F000A8F2000812F003032DE9F0411446064697
:10D3000032D10D46A41020D0D6F84880B8F1000FD5
:10D3100033D0E3074FF0000707D4641015D0D8F8D6
:10D320000000A8B18046E307F7D5424629463046BB
:10D33000FFF732FFB5B16968F36C641053F8212030
:10D340002A6043F821500546E9D12846BDE8F0811E
:10D35000424641463046FFF71FFFC8F8000007600D
:10D360008046E0E70546D8E7013B0F4A52F8232004
:10D370000023FFF73FFE0546C4E701213046FFF7D3
:10D3800009FE804640B1012340F27122C0E9043217
:10D390000023B0640360BCE7044B054842464FF4E9
:10D3A000A07101F0F7FB00BF18F4000814F20008A8
:10D3B000A8F200082DE9F0470C4690462669A368BC
:10D3C000496806EB6216751C9D4207464FEA6219D2
:10D3D00004DD5B009D4201F10101FADC3846FFF7F4
:10D3E000D9FD8446002851D0B9F1000F00F1140096
:10D3F0000EDD09F105024FEA820E03460CEB8202B4
:10D40000002143F8041B9342FBD1AEF114031844EE
:10D41000216904F1140318F01F0803EB81012DD0DA
:10D42000C8F1200986464FF0000A1A6802FA08F28D
:10D4300042EA0A024EF8042B53F8042B994222FACE
:10D4400009FAF2D80B1B153B23F00303043304F154
:10D450001502914238BF0423BAF1000F18BF2E46BF
:10D4600040F803A0FB6C6268CCF8106053F82210FF
:10D470002160604643F82240BDE8F087043853F845
:10D48000042B40F8042F9942F9D8EBE7034B0448EA
:10D49000624640F2D91101F07DFB00BF14F2000892
:10D4A000A8F200080B6984460069C01A16D10CF175
:10D4B000140C14310CEB830210B401EB830301E074
:10D4C000944508D252F8044D53F8041D8C42F7D00D
:10D4D00005D24FF0FF305DF8044B704770470120D4
:10D4E0005DF8044B704700BF2DE9F84F0F691369D1
:10D4F000FF1A002F0E4690467AD101F1140514321E
:10D5000002EB830205EB830301E09D4273D253F8E3
:10D51000041D52F8044DA142F7D064D37168FFF79F
:10D5200039FD8146002872D03569D8F81020C760CF
:10D5300008F1140E06F1140009F1140A06F1100C9A
:10D540000EEB820200EB8507564600215EF8044B85
:10D550005CF804BFA3B211FA8BF1CB1A210CC1EB1A
:10D560001B4101EB23419BB243EA0143724546F85C
:10D57000043B4FEA2141E9D8A2EB0804153C08F12D
:10D580001508424524F0030606F1040638BF0426B8
:10D59000304424F0030238BF002287425244B24490
:10D5A00016D95646044654F8043B11FA83F10A147E
:10D5B00002EB134289B241EA0243A74246F8043B18
:10D5C0004FEA2241EFD87A1E101A20F0030252448B
:10D5D00023B952F8043D013D002BFAD0C9F8105090
:10D5E0004846BDE8F88F334601274646984695E7FA
:10D5F000F9DB002792E70021FFF7CCFC814668B1F8
:10D6000001220023C9E904234846BDE8F88F074BEF
:10D6100007484A464FF4107101F0BCFA034B044826
:10D620004A4640F2322101F0B5FA00BF14F2000878
:10D63000A8F200082DE9F043884683B0012157EC99
:10D64000106B1546FFF7A6FC044600284FD0C7F321
:10D650000A59C7F31303B9F1000F01D043F4801343
:10D66000002E019324D068460096FFF737FD00286E
:10D6700039D0DDE90013C0F1200203FA02F20A43B7
:10D68000C34062610193002B14BF02220122A361F7
:10D690002261B9F1000F16D0A9F233430344C0F15F
:10D6A0003500C8F800302860204603B0BDE8F0839C
:10D6B00001A8FFF713FD019B636101222030226165
:10D6C000B9F1000FE8D104EB8203A0F23240C8F8B0
:10D6D00000001869FFF7E2FCC0EB4210286020460A
:10D6E00003B0BDE8F083009B6361019BCBE7034B74
:10D6F0000348224640F20A3101F04CFA14F20008C5
:10D70000A8F200082DE9F84F1746002900F098808C
:10D7100007F10B0580460C46FFF730FC162D5DD84F
:10D7200010252A46AF425ED854F8041C21F00306A7
:10D730009642A4F1080962DABC4BD3F808C009EBA1
:10D740000600844500F09780D0F804C02CF0010357
:10D7500003445B68DB0768D42CF0030C06EB0C0376
:10D76000934247DACB0710D454F8083CA9EB030ADC
:10D77000DAF8043023F003018C44B444944580F279
:10D7800011817318934280F2E88039464046FFF7D2
:10D79000C9F80746E0B154F8043C23F001034B44B8
:10D7A000A0F10802934200F0D280321F242A00F236
:10D7B000F580132A00F2AC800346224611681960F6
:10D7C0005168596092689A6021464046FEF78CFD88
:10D7D0004046FFF7D9FB3846BDE8F88F25F007052E
:10D7E000002D2A469EDA0C23C8F800300027384660
:10D7F000BDE8F88F1E46D0E90223D3609A60731B00
:10D800000F2B22D8D9F8043003F0010333434E44E0
:10D81000C9F80430736843F001037360404627463B
:10D82000FFF7B2FB3846BDE8F88FC907ADD454F80E
:10D83000083CA9EB030ADAF8041021F00301A0E781
:10D84000BDE8F84F1146FFF76DB8D9F8041001F0A4
:10D8500001012943C9F8041009EB05014E4443F0C6
:10D8600001034B60736843F0010308317360404665
:10D87000FEF73AFDD2E7DCF8040020F0030B06EBDC
:10D880000B0C05F1100084454DDAC9073FF57DAF5B
:10D8900054F8081CA9EB010ADAF8041021F003017E
:10D8A0008B44B34458453FF76CAF5746DAF80C1039
:10D8B00057F8080F321F242AC160886000F2DB800D
:10D8C000132A40F2D6802168CAF808106168CAF8A5
:10D8D0000C101B2A00F2DF8008340AF110022168C4
:10D8E000116061685160A16891600AEB0501ABEBC2
:10D8F000050242F0010299604A60DAF8043003F050
:10D9000001031D434046CAF80450FFF73DFB6EE794
:10D9100023680360636843601B2A68D804F1080227
:10D9200000F108034AE709EB05029A60ACEB050336
:10D9300043F00103536054F8043C03F001031D431A
:10D94000404644F8045CFFF71FFB27464FE750F8BA
:10D95000043C23F003031E4451E75746DAF80C1049
:10D9600057F8080F321F242AC16088604CD8132A48
:10D9700048D92168CAF808106168CAF80C101B2A37
:10D9800056D808340AF110021E46236813606368F3
:10D990005360A3689360D1463C4630E72146FFF7C9
:10D9A00071FA11E7D0E902135746CB60996057F836
:10D9B000081FDAF80C30CB60321F242A99602DD86A
:10D9C000132A29D92368CAF808306368CAF80C30CA
:10D9D0001B2A42D808340AF1100322681A606268D0
:10D9E0005A60A2689A606646D1463C4607E7A3683B
:10D9F0008360E368C360242A26D004F1100200F19A
:10DA00001003DBE63A46BFE7214638461E46D146BC
:10DA1000FFF738FA3C46F2E63B46DEE72146384659
:10DA20006646D146FFF72EFA3C46E8E63804002069
:10DA3000A168CAF81010E168CAF81410242A20D08E
:10DA400010340AF118029FE723690361616941619B
:10DA500004F1180200F11803B0E6A368CAF8103008
:10DA6000E368CAF81430242A21D010340AF11803CC
:10DA7000B3E73A4633E721463846FFF703FA164B39
:10DA800033E72269CAF818206269CAF81C201834E2
:10DA90000AF1200278E7A168CAF81010E168CAF814
:10DAA0001410242A0DD010340AF1180217E7236944
:10DAB000CAF818306369CAF81C3018340AF1200318
:10DAC0008BE72269CAF818206269CAF81C2018344A
:10DAD0000AF1200203E700BF3804002053EC102BAA
:10DAE00070B5164E23F000410025B1420446056092
:10DAF00021DC10EE106A0E431DD0114E1E40184658
:10DB000066B91946002210EE100A0E4BFAF7AEFF66
:10DB10006FF035050246084621F0004120F0FF4035
:10DB2000091520F4E000A1F2FE3140F07F532944B2
:10DB300043F40013216043EC102B70BDFFFFEF7F17
:10DB40000000F07F0000504338B5074D0022044626
:10DB500008462A60F2F78EFF431C00D038BD2B68C0
:10DB6000002BFBD0236038BD7C0A002010B50C468A
:10DB7000B1F90E1001F0D8F9002803DB236D03443E
:10DB8000236510BDA38923F48053A38110BD00BF7A
:10DB90002DE9F0410C46B1F90C101F46CB050546A6
:10DBA00016460BD421F48051A1813B46B4F90E10E6
:10DBB00032462846BDE8F04100F0D6BFB4F90E1059
:10DBC0000223002201F084F9B4F90C10EAE700BF47
:10DBD00010B50C46B1F90E1001F07AF9A389421C78
:10DBE0000EBF23F4805343F480532065A38110BDFE
:10DBF000B1F90E1001F02AB830B540EA0104A307CC
:10DC000001D1032A0FD8844601F1FF3E07E01EF838
:10DC1000011F03F8011B541EC1B19C4622466346F6
:10DC2000002AF4D130BD0B468446194653F8045BF4
:10DC3000A5F1013424EA050414F0803FE4D1043A4C
:10DC4000032A4CF8045B1946EFD8DDE76244002C48
:10DC5000E8D003F8011B9342FBD130BD2DE9F84F0A
:10DC60004B6E9C0490462DD59368126843B38B4647
:10DC7000064602F1080959E9025A5FEA9A0715D0E7
:10DC8000043D002401E0A7420ED055F8041F5A4677
:10DC9000304601F0BBF8431C04F10104F3D100232A
:10DCA000C8E90133BDE8F88FD8F808302AF0030A34
:10DCB000A3EB0A03C8F8083009F10809002BDAD1F0
:10DCC0000020ECE7FEF716FC0023C8E90133BDE8AD
:10DCD000F88F00BF10B494681CB15DF8044BFFF7D7
:10DCE000BDBF204654605DF8044B70472DE9F04FEE
:10DCF0002DED028BBBB008EE101A08EE900A1C4600
:10DD00001746039318B1836B002B00F09C8218EE2A
:10DD1000102A536EDE0740F19E81B2F90C108AB2D0
:10DD2000900409D441F4005218EE101A4B6E8A8107
:10DD300023F4005392B24B66110740F1F88018EEBD
:10DD4000103A1B69002B00F0F28002F01A030A2B34
:10DD500000F0FE8011AB0E930023CDE90F33CDE927
:10DD6000083306930DF14409079302933B78002B87
:10DD700000F05B813C4604E014F8013F002B00F00A
:10DD80003481252BF8D1E51B40F031812378002B1D
:10DD900000F04B814FF0000300258DF83330671CF5
:10DDA000637801954FF0FF3B2B240137A3F120024C
:10DDB0005A2A00F26181DFE812F0AB025F015F01D5
:10DDC000A7025F015F015F016A005F015F01490215
:10DDD0007E025F015402B9025F01B5025B005B0085
:10DDE0005B005B005B005B005B005B005B005F0156
:10DDF0005F015F015F015F015F015F015F015F0123
:10DE0000360284005F015F015F015F015F015F0116
:10DE10005F015F015F015F01E5005F015F015F017D
:10DE20001A025F016C025F015F014C055F015F0137
:10DE30005F015F015F015F015F015F015F015F01E2
:10DE4000360286005F015F015F016202860080008A
:10DE50005F0158025F019402E700820280005F01C7
:10DE60001A027E006C055F015F016E055F017E0096
:10DE7000A3F13002002117F8013B01EB810102EB15
:10DE80004101A3F13002092AF5D901918EE718EE7C
:10DE9000900AFEF7CBFC436808931846FAF7D0FACD
:10DEA0000990064618EE900AFEF7C0FC83680793B7
:10DEB000002E40F0A9843B7877E73B7845F02005B9
:10DEC00073E745F01005AC06039E40F182810736EA
:10DED00026F007063246736852F8086B039298469C
:10DEE000002BC0F25984BBF1FF3F00F03E8556EA9B
:10DEF000080325F0800A00F034840A2E78F100032C
:10DF000080F0EB84303601238DF8E76055460093AE
:10DF10000DF1E704009A9DF833305A45B8BF5A46D0
:10DF20009046002B00F0B78002F10108B3E018EE34
:10DF3000101A18EE900A18EE105AFCF789FF002804
:10DF400040F0AC85AA8902F01A030A2B7FF402AFD5
:10DF500018EE101AB1F90E30002BFFF6FBAE4B6E27
:10DF6000DE0702D4950540F1778518EE101A18EEF9
:10DF7000900A23463A463BB0BDEC028BBDE8F04F19
:10DF800000F0B2BD45F0100515F0200800F0128138
:10DF9000039E073626F007063346D6F8048053F86A
:10DFA000086B039325F4806A00234FF000028DF87C
:10DFB0003320BBF1FF3F00F0D38156EA08022AF07C
:10DFC000800540F0CC81BBF1000F40F0D184002BE4
:10DFD00040F0CC831AF00103009300F0FC8330235F
:10DFE0008DF8E7300DF1E70494E7E51B1DD00F9B9A
:10DFF000109A01332A44072BC9E9007510920F9338
:10E0000005DC09F10809029B2B440293BEE6002AB5
:10E0100000F0A38318EE101A18EE900A0EAAFFF76C
:10E020001DFE40B90DF14409EDE7109B002B40F0B7
:10E03000248500230F9318EE102A536ED90740F160
:10E04000AE8093895B0600F1328502983BB0BDEC4F
:10E05000028BBDE8F08FB2F90C108D0518EE103A66
:10E060008AB23FF55DAE18EE105A986DFEF7E6FBEA
:10E07000B5F90C108AB253E6002BD6D08DF8843057
:10E080004FF001084FF000038DF83330CDF80080D9
:10E0900021AC4FF0000B15F00203049318BF08F1F8
:10E0A000020815F08403059305D1019BA3EB080634
:10E0B000002E00F37F82DDE90F21501C9DF83360B4
:10E0C0008EB10DF133020131C9F8002007284FF05D
:10E0D0000102CDE90F01C9F8042000F34C82024689
:10E0E00009F108090130049BEBB10DAB0231C9F80D
:10E0F000003007284FF00203CDE90F01C9F80430C2
:10E1000040F35382002900F0238318EE101A18EE12
:10E11000900A0EAAFFF7A2FD00288CD1DDE90F219D
:10E120000DF14409501C059B802B00F05A81009B87
:10E13000ABEB0306002E00F3BD81009BC9F8004045
:10E1400019440728CDE90F01C9F8043040F346818E
:10E15000002900F0898218EE101A18EE900A0EAA13
:10E16000FFF77CFD00287FF466AF10990DF144099C
:10E17000680705D5019BA3EB0804002C00F37E8201
:10E18000DDE901234245ACBF9B18434402930029BB
:10E1900040F0E08100230F930DF14409E6E59389F7
:10E1A0009A053FF54FAF18EE104AA06DFEF748FBF9
:10E1B000A38947E715F0100340F03E8315F04002B5
:10E1C00000F0FD83039A52F8046B03929846B6B2AE
:10E1D000E8E656F8043B0396E80600F10883690672
:10E1E00040F1028343F3C0381EB2434678E6039EF3
:10E1F00056F8044B4FF000038DF83330002C00F03C
:10E20000C583BBF1FF3F00F049835A4600212046F9
:10E21000FAF786F9002800F02484031B0093039684
:10E220004FF0000B76E6039E4FF000038DF833307D
:10E230004FF0010856F8043B8DF884300396CDF872
:10E24000008021AC25E7FDF76DFF60E5039B53F8E7
:10E25000042B0192002A80F2BA82019A039352425F
:10E2600001923B7845F004059FE53B786C2B03BF9A
:10E270007B7845F02005013745F0100595E53B78A2
:10E28000682B03BF7B7845F40075013745F04005E6
:10E290008BE545F0100A1AF0200800F06E82039E0C
:10E2A000073626F007063346D6F8048053F8086B85
:10E2B0000393012379E63B788DF8334075E5039BA2
:10E2C00053F8046B039330238DF8343078238DF8A2
:10E2D0003530C24B069345F0020A4FF00008022386
:10E2E00063E6AE0600F19E82EC0600F14783680605
:10E2F00000F1A483A90540F14183039E029A56F8D8
:10E30000043B03961A7031E53B7845F001054CE576
:10E310009DF83330002B7FF4CEAD20238DF83330C1
:10E320003B7842E53B7845F080053EE5394611F8FB
:10E33000013B2A2B00F0C483A3F13002092A0F46C7
:10E340004FF0000B3FF632AD17F8013B0BEB8B0B98
:10E3500002EB4B0BA3F13002092AF5D926E5AA46B8
:10E36000012B3FF4CAAD022B3AAC12D1069A06F04B
:10E370000F033609D35C04F8013D46EA08764FEAFC
:10E38000181856EA0803F2D13AAB1B1B5546009306
:10E39000C0E506F00703F60846EA48764FEAD808D3
:10E3A000303356EA0801224604F8013DF1D11AF053
:10E3B000010FE9D0302BE7D03023023A04F8013CBA
:10E3C0003AAB9B1A554600931446A3E50099119465
:10E3D0000123129110910F930DF1440909F10809DD
:10E3E000C6E6019BA3EB0806002E7FF7A0AE102E19
:10E3F00040F36283DFF8E8A15346CDE90445BA460D
:10E4000018EE904A18EE105A084696461F4607E046
:10E410000EF1020C09F108099646103E102E1FDD80
:10E420000EF1010210301023072ACDE90F20C9F8A0
:10E430000070C9F80430EBDD0EAA002800F09580CA
:10E44000294620460DF14409FFF708FC00287FF417
:10E45000F2ADDDE90FE0103E102E0EF1010CDFDC15
:10E46000DDE904453B46014657469A463144BCF136
:10E47000070FCDE90FC1C9F800A0C9F8046040F347
:10E48000AD81002900F0CA8218EE101A18EE900A29
:10E490000EAAFFF7E3FB00287FF4CDAD009BDDE97A
:10E4A0000F21ABEB0306002E02F101000DF1440930
:10E4B0007FF743AE102EDFF828A137DD5346CDE9B4
:10E4C0000445BA4618EE904A18EE105A4FF0100B59
:10E4D000084694461F4607E00CF1020E09F10809B0
:10E4E0009446103E102E1ADD0CF101021030072A5E
:10E4F000C9E9007BCDE90F20EEDD0EAA20B3294645
:10E5000020460DF14409FFF7A9FB00287FF493ADE5
:10E51000DDE90FC0103E102E0CF1010EE4DCDDE948
:10E5200004453B460146574670469A463144072803
:10E53000CDE90F01C9F800A0C9F8046000F3F2802A
:10E5400009F108090130F8E54FF0010E84460DF19C
:10E550004409C6E718EE101A18EE900A0EAAFFF743
:10E560007DFB00283FF416AE65E54FF0010C8646B2
:10E570000DF1440951E7002900F0E78018EE101A68
:10E5800018EE900A0EAAFFF769FB00287FF453AD3E
:10E59000DDE90F210DF14409501CA4E502210DAB6A
:10E5A0001291119301200DF14409024609F1080965
:10E5B000501CB8E5102E40F35A82DDE90FC1DFF898
:10E5C00024A0CDF828B00B95A34618EE105A544657
:10E5D000102318EE90AA08460EE000BFB0F1000824
:10E5E00034F4000824F400080CF1020E09F10809C3
:10E5F0009446103E102E1CDD0CF101021030072A4B
:10E60000C9E90043CDE90F20EEDD0EAA30B329465B
:10E6100050460DF14409FFF721FB00287FF40BADB4
:10E62000DDE90FC0103E102E0CF1010E4FF010036B
:10E63000E2DCA2460B9D5C46DDF828B0014672463E
:10E640003144072ACDE90F21C9F800A0C9F80460B8
:10E6500000F3AB8009F10809501C2FE584464FF008
:10E66000010E0DF14409C4E76C070F9152D5019BCF
:10E67000A3EB0804002C4DDD0DF14409102C40F3F0
:10E680000882DFF85CA40F9A0B46BB464946574602
:10E6900018EE109A18EE90AA102505E0901C08318B
:10E6A0003246103C102C18DD561C1033072EC1E9E1
:10E6B0000075CDE90F63F1DD0EAA3BB34946504624
:10E6C000FFF7CCFA00287FF4B6ACDDE90F23103C4D
:10E6D000102C02F1010011A9E6DC8946BA46194660
:10E6E0005F4621440728C9E900A4CDE90F017FF75F
:10E6F00047AD79B118EE101A18EE900A0EAAFFF77E
:10E70000ADFA00287FF497AC109939E501201A463C
:10E7100011A9C6E7DDE901234245ACBF9B1843447C
:10E72000029337E500293FF451AE18EE101A18EEA7
:10E73000900A0EAAFFF792FA00287FF47CAC0F989B
:10E74000109901300DF14409F7E4049B002B79D1B5
:10E7500001200A460DF14409E5E40F920DF1440948
:10E7600051E4BBF1000F7FF4CDAB55464FF0000BE9
:10E77000CDF800B03AACFFF7CDBB1AF010033CD196
:10E780001AF0400200F00C81039A52F8046B0392D5
:10E790009846B6B2012308E42D2376428DF8333033
:10E7A00068EB4808AA46012303E400297FD018EE4D
:10E7B000101A18EE900A0EAAFFF750FA00287FF4FC
:10E7C0003AACDDE90F210DF14409501C76E40393C6
:10E7D0003B78FFF7EABA3AACFFF79CBB09F10809AE
:10E7E0000CF101006246A2E4AA0500F12F814FEA74
:10E7F000E3781E464346FFF773BB039B53F8046B55
:10E8000003930123FFF7D1BB079B002B3FF453ABCE
:10E81000079B1B78002B3FF44EAB3B7845F480659B
:10E82000FFF7C3BADDE9021656F8042B0396CB179F
:10E83000C2E90013FFF79ABA039B53F8046B0393E2
:10E84000FFF7B0BB02210DAB129111930DF14409FA
:10E85000ACE6A04A069215F0200836D0039E073693
:10E8600026F007063246D6F8048052F8086B039269
:10E87000EA0709D556EA080206D08DF8353030236C
:10E8800045F002058DF8343025F4806A0223FFF745
:10E890008CBBAA46FFE4904A0692DCE7204603962A
:10E8A000F9F7CEFD4FF0000B0090FFF733BB9DF85A
:10E8B0003320002A00F0B88001200DF133021290BD
:10E8C00011920DF14409014609E415F0100242D0FD
:10E8D000039A52F8046B0392CAE70AF48063CDF8F6
:10E8E00000B0CDF81090BB46DDF81C9000253AAC86
:10E8F0001F4609E030464146F9F71AFC0A2E78F126
:10E9000000031BD306468846304641460A220023B0
:10E91000F9F70EFC1146303104F8011C0A220023DD
:10E92000013C0135002FE5D099F80010A942E1D152
:10E93000FF2DDFD00A2E78F100035BD23AAB1B1B10
:10E94000CDF81C905F46DDF81090DDF800B0009324
:10E950005546FFF7DFBA15F040013ED0039951F854
:10E96000046B03919046B6B282E7AA46FFF7C5BA98
:10E97000012BAA467FF4F7ACFFF7C4BA039E029AB4
:10E9800056F8043B1A600396FFF7F0B95B46062B76
:10E9900028BF0623514C009303969846FFF779BB96
:10E9A000039B1AF4007814BF53F8046B53F8046BFC
:10E9B00003931CBF9046F6B20123FFF7F6BA039B00
:10E9C00015F4007814BF53F8046B53F8046B0393E9
:10E9D0001CBF9046F6B2FFF7E5BA039A15F400782B
:10E9E00014BF52F8046B52F8046B03921CBF8846A4
:10E9F000F6B23DE7099B0899E41A1A462046FFF74C
:10EA0000FBF899F801300BB109F101093046414694
:10EA10000A2200230025F9F78BFB73E701200A4641
:10EA20000DF14409FFF783BB049B002B7FF4B6ADC7
:10EA30000A4601200DF14409FFF779BB039E029AB3
:10EA400056F8043B03961A80FFF790B943F3C018B9
:10EA50005EB24346FFF744BA886DFDF7F1FEFFF75B
:10EA600084BACDF800B003968346FFF753BA0F9AE5
:10EA70001099DFF86CA00132E2E518EE101A18EEDA
:10EA8000900A0EAAFFF7EAF800283FF4D2AAFFF78F
:10EA9000D2BA0F98DFF848A0013022E66B6EDB0790
:10EAA00005D4AB899F0502D4A86DFDF7C9FE4FF0D0
:10EAB000FF330293FFF7C9BADFF828A08446D5E4F4
:10EAC000039A7B780F4652F8041B039241EAE17BDC
:10EAD000FFF76BB9C4F10008B0F10008D8F10008E5
:10EAE00024F4000834F4000870B50C468989ADF5AB
:10EAF0008E6D21F00201ADF81410616E1B91E18959
:10EB0000ADF81610E1690991616A0B911CA9029197
:10EB100006914FF4806106460491079118A80021E0
:10EB2000CDE900320891FDF785FEDDE9003202A94A
:10EB30003046FFF7DBF8051E07DB02A93046FDF77C
:10EB4000BDFA002818BF4FF0FF35BDF814305B0642
:10EB500003D5A38943F04003A3811898FDF76CFE09
:10EB600028460DF58E6D70BD38B50C46084D8446AF
:10EB7000114620461A4600232B606446F1F7B6FE84
:10EB8000431C00D038BD2B68002BFBD0236038BD60
:10EB90007C0A002000B50B4C25681446EE681A4626
:10EBA00085B003460D464CB107490095CDE90114E7
:10EBB0003046064900F0C2F800F050FA04490C460D
:10EBC000F3E700BF0C00002044F4000854F40008F0
:10EBD00050F4000838B5A1FB02148CBBFDF7A2FE6F
:10EBE0000546E0B150F8042C22F00302043A242A2E
:10EBF00017D8132A1AD91B2AC0E900441DD9242A80
:10EC000014BF00F1100200F118024FF00003C0E938
:10EC1000024404BF04614461C2E9003393602846A2
:10EC200038BD2146FAF74EFA284638BD0246002381
:10EC3000C2E900339360284638BD00F10802F6E7C8
:10EC4000FAF716FA0C2300250360E8E738B5074DFC
:10EC50000022044608462A60F1F764FE431C00D0F7
:10EC600038BD2B68002BFBD0236038BD7C0A002008
:10EC700070B500294BD006460C4610B1836B002BB3
:10EC800048D0636ED80734D5B4F90C30002B3ED091
:10EC900021463046FDF77AF9E36A054633B1E1696A
:10ECA000304698470028B8BF4FF0FF35A3891A06B1
:10ECB0003BD4216B41B104F14003994202D030466C
:10ECC000FDF712FB00232363616C21B13046FDF791
:10ECD0000BFB00236364FDF7ABFA636E0022DB07D6
:10ECE000A28127D5A06DFDF7A7FDFDF7A7FA28465D
:10ECF00070BDA3899905CBD4A06DFDF79FFDB4F934
:10ED00000C30002BC4D1656E15F0010508D000252C
:10ED1000284670BDFDF706FA636ED807B4D4E8E75D
:10ED2000A06DFDF78DFD284670BD21693046FDF7C9
:10ED3000DBFABEE7A06DFDF783FDD3E70EB410B597
:10ED400083B005AB064C53F8042B019301462068B1
:10ED5000FEF7CCFF03B0BDE8104003B0704700BF22
:10ED60000C0000202DE9F04782B082468846144608
:10ED700000F0A8F8012803D108F1FF33FE2B36D9A3
:10ED8000424604F15C0301A9504600F03BF9421CE5
:10ED9000064632D030B39DF804C00DF105090025B8
:10EDA00009E023685A1C226083F800C00135B5428F
:10EDB00018D219F801CBA368013B002BA360F0DA4D
:10EDC000A769BB4261462246504602DBBCF10A0FEE
:10EDD000E7D100F0BFF8431CE8D10646304602B048
:10EDE000BDE8F0874646304602B0BDE8F0875FFADE
:10EDF00088FC8DF804C00646CFE7A389304643F06F
:10EE00004003A38102B0BDE8F08700BF30B5536E68
:10EE100013F0010FB2F90C30144683B005469AB2D4
:10EE200001D198051CD5900406D4626E43F40053BA
:10EE300042F40052A381626622462846FFF792FF01
:10EE4000636EDA07054602D4A3899B0502D52846DE
:10EE500003B030BDA06DFDF7F3FC284603B030BD14
:10EE6000A06D0191FDF7EAFCB4F90C3001999AB25A
:10EE7000D9E700BF70B50C46084D03460026204672
:10EE800011461C462E60F1F759FD431C00D070BDA1
:10EE90002B68002BFBD0236070BD00BF7C0A0020D4
:10EEA00038B5074D0022044608462A60F1F756FDA2
:10EEB000431C00D038BD2B68002BFBD0236038BD2D
:10EEC0007C0A0020014B93F8280170474808002075
:10EED00038B50C46084D8446114620461A46002394
:10EEE0002B606446F1F745FD431C00D038BD2B680C
:10EEF000002BFBD0236038BD7C0A002082B049B1D2
:10EF00005AB16BB113780B601278101E18BF012034
:10EF100002B0704701A9002AF3D1104602B0704731
:10EF20006FF00100F4E700BF38B50C46084D844689
:10EF3000114620461A4600232B606446F1F7B9FCBF
:10EF4000431C00D038BD2B68002BFBD0236038BD9C
:10EF50007C0A0020F8B50D461446064610B1836BB6
:10EF6000002B43D0B4F90C20A369A360170790B21B
:10EF70001BD52369CBB1EDB281042F4622D522687F
:10EF80006169D31A994229DD0133A1680139A16071
:10EF9000511C2160157062699A422AD0A389DB074F
:10EFA00001D50A2D25D03846F8BD21463046FBF75D
:10EFB0004FFF20BBB4F90C20236990B2EDB281045D
:10EFC0002F46DCD442F40052A281626E616922F4C1
:10EFD000005262662268D31A9942D5DC2146304637
:10EFE000FDF76CF858B922680123CEE7FDF79AF8CF
:10EFF000B8E721463046FDF761F80028D3D04FF03E
:10F00000FF37D0E770B5054684B01C4639B10B4ECA
:10F01000D6F8E060B047431C09D004B070BD0A4682
:10F020000649D1F8E06001A9B047431CF5D10022A0
:10F030008A2322602B6004B070BD00BF4808002006
:10F0400049B1FF2A02D80A70012070478A23036061
:10F050004FF0FF3070470846704700BF08B50620E4
:10F0600000F004F80120F1F71AFC00BF38B5154B89
:10F070001F281D6820D8D5F8DC22044662B152F85A
:10F0800020304BB1012B15D0591C0FD0002542F870
:10F0900020509847284638BD284600F02BF82246D5
:10F0A00001462846BDE8384000F00EB816232B6014
:10F0B000012038BD002038BD16232B604FF0FF30F3
:10F0C00038BD00BF0C00002070B50C46084D03464B
:10F0D0000026204611461C462E60F1F7D0FB431C4B
:10F0E00000D070BD2B68002BFBD0236070BD00BF2B
:10F0F0007C0A0020F1F7BBBBF8B500BFF8BC08BC28
:10F100009E467047F8B500BFF8BC08BC9E467047E5
:10F110000D0A2D2D2D20424F4F544C4F4144455246
:10F12000205354415254202D2D2D0D0055706461F3
:10F1300074652070656E64696E670D00496E766156
:10F140006C6964206170702C20726F6C6C696E67E2
:10F15000206261636B0D00004A756D70696E6720F7
:10F16000746F206170706C69636174696F6E206187
:10F17000742030782530386C580D0A0000000000EB
:10F180000000000001020304060708090000000057
:10F190000102030400061016000610160A00000003
:10F1A000494E4600696E66004E414E006E616E002B
:10F1B00030313233343536373839616263646566ED
:10F1C00000000000303132333435363738394142AF
:10F1D0004344454600000000286E756C6C29000011
:10F1E000300000002020202020202020202020206F
:10F1F000202020203030303030303030303030304F
:10F20000303030304E614E00496E66696E697479F7
:10F210000000000042616C6C6F632073756363656E
:10F2200065646564000000002F6D6E742F776F7247
:10F230006B73706163652F776F726B737061636559
:10F240002F4743432D31302D706970656C696E65B1
:10F250002F6A656E6B696E732D4743432D31302DD8
:10F26000706970656C696E652D3333385F3230328A
:10F2700031313031385F3136333435313632303335
:10F280002F7372632F6E65776C69622F6E65776C72
:10F2900069622F6C6962632F7374646C69622F6496
:10F2A000746F612E630000002F6D6E742F776F7284
:10F2B0006B73706163652F776F726B7370616365D9
:10F2C0002F4743432D31302D706970656C696E6531
:10F2D0002F6A656E6B696E732D4743432D31302D58
:10F2E000706970656C696E652D3333385F3230320A
:10F2F00031313031385F31363334353136323033B5
:10F300002F7372632F6E65776C69622F6E65776CF1
:10F3100069622F6C6962632F7374646C69622F6D0C
:10F32000707265632E6300000080E03779C341434B
:10F33000176E05B5B5B89346F5F93FE9034F384D5B
:10F34000321D30F94877825A3CBF737FDD4F157507
:10F35000000000000000F03F00000000000024401A
:10F3600000000000000059400000000000408F40F5
:10F37000000000000088C34000000000006AF84060
:10F380000000000080842E4100000000D012634184
:10F390000000000084D797410000000065CDCD41FA
:10F3A000000000205FA00242000000E876483742DB
:10F3B000000000A2941A6D42000040E59C30A24279
:10F3C0000000901EC4BCD64200003426F56B0C43EE
:10F3D0000080E03779C3414300A0D8855734764395
:10F3E00000C84E676DC1AB43003D9160E458E143F6
:10F3F000408CB5781DAF154450EFE2D6E41A4B446B
:10F4000092D54D06CFF08044F64AE1C7022DB544AF
:10F41000B49DD9794378EA44050000001900000042
:10F420007D000000202020202020202020202020DF
:10F43000202020203030303030303030303030300C
:10F44000303030302C2066756E6374696F6E3A20F0
:10F4500000000000617373657274696F6E2022256D
:10F460007322206661696C65643A2066696C652068
:10F47000222573222C206C696E6520256425732556
:10F48000730A000043000000504F53495800000029
:10F490002E000000002020202020202020202828CE
:10F4A0002828282020202020202020202020202044
:10F4B0002020202020881010101010101010101084
:10F4C00010101010100404040404040404040410B4
:10F4D0001010101010104141414141410101010142
:10F4E000010101010101010101010101010101010C
:10F4F0001010101010104242424242420202020218
:10F5000002020202020202020202020202020202DB
:10F51000101010102000000000000000000000008B
:10F5200000000000000000000000000000000000DB
:10F5300000000000000000000000000000000000CB
:10F5400000000000000000000000000000000000BB
:10F5500000000000000000000000000000000000AB
:10F56000000000000000000000000000000000009B
:10F57000000000000000000000000000000000008B
:10F58000000000000000000000000000000000007B
:08F59000000000000000000073
:08F59800C88BFF7F0100000099
:10F5A0000024F40010000000010000001000002002
:10F5B00000000000FC02002064030020CC030020B7
:10F5C000000000000000000000000000000000003B
:10F5D000000000000000000000000000000000002B
:10F5E000000000000000000000000000000000001B
:10F5F000000000000000000000000000000000000B
:10F6000000000000000000000000000000000000FA
:10F6100000000000000000000000000000000000EA
:10F6200000000000000000000000000000000000DA
:10F6300000000000000000000000000000000000CA
:10F6400000000000000000000000000000000000BA
:10F6500000000000000000000100000000000000A9
:10F660000E33CDAB34126DE6ECDE05000B0000006E
:10F67000000000000000000000000000000000008A
:10F68000000000000000000000000000000000007A
:10F69000000000000000000000000000000000006A
:10F6A000000000000000000000000000000000005A
:10F6B000000000000000000000000000000000004A
:10F6C000000000000000000000000000000000003A
:10F6D000000000000000000000000000000000002A
:10F6E000000000000000000000000000000000001A
:10F6F000000000000000000000000000000000000A
:10F7000000000000000000000000000000000000F9
:10F7100000000000000000000000000000000000E9
:10F7200000000000000000000000000000000000D9
:10F7300000000000000000000000000000000000C9
:10F7400000000000000000000000000000000000B9
:10F7500000000000000000000000000000000000A9
:10F760000000000000000000000000000000000099
:10F770000000000000000000000000000000000089
:10F780000000000000000000000000000000000079
:10F790000000000000000000000000000000000069
:10F7A0000000000000000000000000000000000059
:10F7B0000000000000000000000000000000000049
:10F7C0000000000000000000000000000000000039
:10F7D0000000000000000000000000000000000029
:10F7E0000000000000000000000000000000000019
:10F7F0000000000000000000000000000000000009
:10F8000000000000000000000000000000000000F8
:10F8100000000000000000000000000000000000E8
:10F8200000000000000000000000000000000000D8
:10F8300000000000000000000000000000000000C8
:10F8400000000000000000000000000000000000B8
:10F8500000000000000000000000000000000000A8
:10F860000000000000000000000000000000000098
:10F870000000000000000000000000000000000088
:10F880000000000000000000000000000000000078
:10F890000000000000000000000000000000000068
:10F8A0000000000000000000000000000000000058
:10F8B0000000000000000000000000000000000048
:10F8C0000000000000000000000000000000000038
:10F8D0000000000000000000000000000000000028
:10F8E0000000000000000000000000000000000018
:10F8F0000000000000000000000000000000000008
:10F9000000000000000000000000000000000000F7
:10F9100000000000000000000000000000000000E7
:10F9200000000000000000000000000000000000D7
:10F9300000000000000000000000000000000000C7
:10F9400000000000000000000000000000000000B7
:10F9500000000000000000000000000000000000A7
:10F960000000000000000000000000000000000097
:10F970000000000000000000000000000000000087
:10F980000000000000000000000000000000000077
:10F990000000000000000000000000000000000067
:10F9A0000000000000000000000000000000000057
:10F9B0000000000000000000000000000000000047
:10F9C0000000000000000000000000000000000037
:10F9D0000000000000000000000000000000000027
:10F9E0003804002038040020400400204004002097
:10F9F0004804002048040020500400205004002047
:10FA000058040020580400206004002060040020F6
:10FA100068040020680400207004002070040020A6
:10FA20007804002078040020800400208004002056
:10FA30008804002088040020900400209004002006
:10FA40009804002098040020A0040020A0040020B6
:10FA5000A8040020A8040020B0040020B004002066
:10FA6000B8040020B8040020C0040020C004002016
:10FA7000C8040020C8040020D0040020D0040020C6
:10FA8000D8040020D8040020E0040020E004002076
:10FA9000E8040020E8040020F0040020F004002026
:10FAA000F8040020F80400200005002000050020D4
:10FAB0000805002008050020100500201005002082
:10FAC0001805002018050020200500202005002032
:10FAD00028050020280500203005002030050020E2
:10FAE0003805002038050020400500204005002092
:10FAF0004805002048050020500500205005002042
:10FB000058050020580500206005002060050020F1
:10FB100068050020680500207005002070050020A1
:10FB20007805002078050020800500208005002051
:10FB30008805002088050020900500209005002001
:10FB40009805002098050020A0050020A0050020B1
:10FB5000A8050020A8050020B0050020B005002061
:10FB6000B8050020B8050020C0050020C005002011
:10FB7000C8050020C8050020D0050020D0050020C1
:10FB8000D8050020D8050020E0050020E005002071
:10FB9000E8050020E8050020F0050020F005002021
:10FBA000F8050020F80500200006002000060020CF
:10FBB000080600200806002010060020100600207D
:10FBC000180600201806002020060020200600202D
:10FBD00028060020280600203006002030060020DD
:10FBE000380600203806002040060020400600208D
:10FBF000480600204806002050060020500600203D
:10FC000058060020580600206006002060060020EC
:10FC1000680600206806002070060020700600209C
:10FC2000780600207806002080060020800600204C
:10FC300088060020880600209006002090060020FC
:10FC40009806002098060020A0060020A0060020AC
:10FC5000A8060020A8060020B0060020B00600205C
:10FC6000B8060020B8060020C0060020C00600200C
:10FC7000C8060020C8060020D0060020D0060020BC
:10FC8000D8060020D8060020E0060020E00600206C
:10FC9000E8060020E8060020F0060020F00600201C
:10FCA000F8060020F80600200007002000070020CA
:10FCB0000807002008070020100700201007002078
:10FCC0001807002018070020200700202007002028
:10FCD00028070020280700203007002030070020D8
:10FCE0003807002038070020400700204007002088
:10FCF0004807002048070020500700205007002038
:10FD000058070020580700206007002060070020E7
:10FD10006807002068070020700700207007002097
:10FD20007807002078070020800700208007002047
:10FD300088070020880700209007002090070020F7
:10FD40009807002098070020A0070020A0070020A7
:10FD5000A8070020A8070020B0070020B007002057
:10FD6000B8070020B8070020C0070020C007002007
:10FD7000C8070020C8070020D0070020D0070020B7
:10FD8000D8070020D8070020E0070020E007002067
:10FD9000E8070020E8070020F0070020F007002017
:10FDA000F8070020F80700200008002000080020C5
:10FDB0000808002008080020100800201008002073
:10FDC0001808002018080020200800202008002023
:10FDD00028080020280800203008002030080020D3
:10FDE000FFFFFFFF000002004300000000000000D2
:10FDF0000000000000000000000000000000000003
:10FE000000000000000000004300000000000000AF
:10FE100000000000000000000000000000000000E2
:10FE2000000000000000000043000000000000008F
:10FE300000000000000000000000000000000000C2
:10FE4000000000000000000043000000000000006F
:10FE500000000000000000000000000000000000A2
:10FE6000000000000000000043000000000000004F
:10FE70000000000000000000000000000000000082
:10FE8000000000000000000043000000000000002F
:10FE90000000000000000000000000000000000062
:10FEA000000000000000000043000000000000000F
:10FEB0000000000000000000000000000000000042
:10FEC000000000000000000041F00008FDEE000806
:10FED0000000000094F4000890F4000850F40008BA
:10FEE00050F4000850F4000850F4000850F40008E2
:10FEF00050F4000850F4000850F4000850F40008D2
:10FF0000FFFFFFFFFFFFFFFFFFFFFFFFFFFF0000FF
:10FF10000100415343494900000000000000000077
:10FF200000000000000000000000000000000000D1
:10FF30000000415343494900000000000000000058
:10FF400000000000000000000000000000000000B1
:04FF500000000000AD
:040000050800901D42
:00000001FF
